handleId,fieldType,name,description,productImageUrl,collection,sku,ribbon,price,surcharge,visible,discountMode,discountValue,inventory,weight,cost,productOptionName1,productOptionType1,productOptionDescription1,productOptionName2,productOptionType2,productOptionDescription2,productOptionName3,productOptionType3,productOptionDescription3,productOptionName4,productOptionType4,productOptionDescription4,productOptionName5,productOptionType5,productOptionDescription5,productOptionName6,productOptionType6,productOptionDescription6,additionalInfoTitle1,additionalInfoDescription1,additionalInfoTitle2,additionalInfoDescription2,additionalInfoTitle3,additionalInfoDescription3,additionalInfoTitle4,additionalInfoDescription4,additionalInfoTitle5,additionalInfoDescription5,additionalInfoTitle6,additionalInfoDescription6,customTextField1,customTextCharLimit1,customTextMandatory1,customTextField2,customTextCharLimit2,customTextMandatory2,brand
cf_monterey,Product,Monterey Futon Frame,"The Monterey features mission-style arms, evoking a clean and contemporary look. Available in two fnishes: Cherry and Dark Chocolate.Available in Full and Queen.","https://static.wixstatic.com/media/e04e89_cf15142c61714ecfad7852522e0a98e4~mv2.jpg/v1/fit/w_2000,h_2000,q_90/file.jpg;https://static.wixstatic.com/media/e04e89_d88fa0b2e50b4bbc80a9cbc9b9c09a69~mv2.jpg/v1/fit/w_2000,h_2000,q_90/file.jpg",Futon Frames,CF-FRAME-MONTEREY,,549,,true,PERCENT,0.0,InStock,0.0,,,,,,,,,,,,,,,,,,,,Manufacturer,Night & Day Furniture,,,,,,,,,,,,,,,,,Carolina Futons
cf_sunrise,Product,Sunrise Futon Frame,"The Sunrise has two handsome tray arms that can be folded up or down as needed. Useful and attractive for serving drinks to guests or enjoying a snack on your own. Available in four finishes: Cherry, Black Walnut, Dark Chocolate, and Natural.Available in Full and Queen.","https://static.wixstatic.com/media/e04e89_bd61c37885e04934b0d219eb23c5d36f~mv2.jpg/v1/fit/w_2000,h_2000,q_90/file.jpg;https://static.wixstatic.com/media/e04e89_9234577e395e4eb180cb2c9bc936d65f~mv2.jpg/v1/fit/w_2000,h_2000,q_90/file.jpg;https://static.wixstatic.com/media/e04e89_677c5e7ae28c42f79c25fd5182191e21~mv2.jpg/v1/fit/w_2000,h_2000,q_90/file.jpg;https://static.wixstatic.com/media/e04e89_9d703e0c25444946ab49296181d9ca2c~mv2.jpg/v1/fit/w_2000,h_2000,q_90/file.jpg",Futon Frames,CF-FRAME-SUNRISE,,779,,true,PERCENT,0.0,InStock,0.0,,,,,,,,,,,,,,,,,,,,Manufacturer,Night & Day Furniture,,,,,,,,,,,,,,,,,Carolina Futons
cf_dillon,Product,Dillon Futon Frame,"Designed to optimize space even further, the Dillon's armless style allows for the cushion to be the statement piece. Available in Warm Cherry, Dark Cherry, Black Walnut, Natural. and Gray. Available in Painted Black and Natural in Full and Queen Size only. Available in Full, Queen, Full Loveseat w/Ottoman, and Queen Loveseat w/Ottoman.","https://static.wixstatic.com/media/e04e89_241b8a589d964e41a3094fbcd1597728~mv2.jpg/v1/fit/w_2000,h_2000,q_90/file.jpg;https://static.wixstatic.com/media/e04e89_a1f34879775849259ca38821606c1733~mv2.jpg/v1/fit/w_2000,h_2000,q_90/file.jpg;https://static.wixstatic.com/media/e04e89_9368fd12e5be4002852bc42c6f81cda5~mv2.jpg/v1/fit/w_2000,h_2000,q_90/file.jpg;https://static.wixstatic.com/media/e04e89_b9f7b2d45dac4fb7bc05533c0c3e6a6e~mv2.jpg/v1/fit/w_2000,h_2000,q_90/file.jpg;https://static.wixstatic.com/media/e04e89_0173589367484331895751b6f944f811~mv2.jpg/v1/fit/w_2000,h_2000,q_90/file.jpg;https://static.wixstatic.com/media/e04e89_254ccca78a72413a8cd4e85d65d4d20e~mv2.jpg/v1/fit/w_2000,h_2000,q_90/file.jpg;https://static.wixstatic.com/media/e04e89_b3f3a0459c53478198d75cc0d92c303d~mv2.jpg/v1/fit/w_2000,h_2000,q_90/file.jpg",Wall Hugger Frames,CF-FRAME-DILLON,,642,,true,PERCENT,0.0,InStock,0.0,,,,,,,,,,,,,,,,,,,,Manufacturer,Night & Day Furniture,,,,,,,,,,,,,,,,,Carolina Futons
cf_lambton,Product,Lambton Futon Frame,"From the slightly curved slats to the grooves in the arm, the fine details of the Lambton make this arm simply stunning. The Lambton is available in two finishes: Warm Cherry and Dark Cherry.Available in Full, Queen, Full Loveseat w/Ottoman, and Queen Loveseat w/Ottoman.","https://static.wixstatic.com/media/e04e89_a2b5cd4926dd4d72ba6b528df8ea56c4~mv2.jpg/v1/fit/w_2000,h_2000,q_90/file.jpg;https://static.wixstatic.com/media/e04e89_672ba8e076754caba86be72e576c7133~mv2.jpg/v1/fit/w_2000,h_2000,q_90/file.jpg;https://static.wixstatic.com/media/e04e89_8413d0561c364d52898a16604a3228e8~mv2.jpg/v1/fit/w_2000,h_2000,q_90/file.jpg",Wall Hugger Frames,CF-FRAME-LAMBTON,,778,,true,PERCENT,0.0,InStock,0.0,,,,,,,,,,,,,,,,,,,,Manufacturer,Night & Day Furniture,,,,,,,,,,,,,,,,,Carolina Futons
cf_autumn,Product,Autumn Futon Frame,"The Autumn frame has handsome wide arms with an attractive lattice set, making a bold statement in any room. Available in four finishes: Black Walnut, Cherry, Dark Chocolate, and Natural.Available in Full and Queen.","https://static.wixstatic.com/media/e04e89_8d3bd05dd2a94ac698cc7d301fb6b4b0~mv2.jpg/v1/fit/w_2000,h_2000,q_90/file.jpg;https://static.wixstatic.com/media/e04e89_db236e3df36f405d9e1a3f7cd8423f2f~mv2.jpg/v1/fit/w_2000,h_2000,q_90/file.jpg;https://static.wixstatic.com/media/e04e89_21a82faa05ba4c0c96b1b0ac78f216a7~mv2.jpg/v1/fit/w_2000,h_2000,q_90/file.jpg;https://static.wixstatic.com/media/e04e89_242150f7417040e7aa77f0e111a6a280~mv2.jpg/v1/fit/w_2000,h_2000,q_90/file.jpg",Futon Frames,CF-FRAME-AUTUMN,,739,,true,PERCENT,0.0,InStock,0.0,,,,,,,,,,,,,,,,,,,,Manufacturer,Night & Day Furniture,,,,,,,,,,,,,,,,,Carolina Futons
cf_black_pepper,Product,Black Pepper Futon Frame,"The Black Pepper Platform Bed is a dream bed built for style. Minimalist and gorgeous, its Art Deco simplicity will delight the eye and quiet the mind. Bed rails can be set up in two heights of 13.5"" or 16.3"" Available in Twin, Full, Queen, and King sizes Available in Cherry, Chocolate, and Stonewash Gray finishes","https://static.wixstatic.com/media/e04e89_20b37a9a069646b197fcbb4eccdd576d~mv2.jpg/v1/fit/w_2000,h_2000,q_90/file.jpg;https://static.wixstatic.com/media/e04e89_3821075ba92c45889f0e7e785128536c~mv2.jpg/v1/fit/w_2000,h_2000,q_90/file.jpg;https://static.wixstatic.com/media/e04e89_9ef03cfcbaf84063beedf3745295c6d6~mv2.jpg/v1/fit/w_2000,h_2000,q_90/file.jpg;https://static.wixstatic.com/media/e04e89_6e69ecc5f60140a5b508f829d14f628c~mv2.jpg/v1/fit/w_2000,h_2000,q_90/file.jpg;https://static.wixstatic.com/media/e04e89_edb69e0faf2e4a8aa817170032768c5a~mv2.jpg/v1/fit/w_2000,h_2000,q_90/file.jpg;https://static.wixstatic.com/media/e04e89_fc6ccd5a0a784d1da043bb930c61743f~mv2.jpg/v1/fit/w_2000,h_2000,q_90/file.jpg",Platform Beds,CF-FRAME-BLACKPEPPER,,349,,true,PERCENT,0.0,InStock,0.0,,,,,,,,,,,,,,,,,,,,Manufacturer,Night & Day Furniture,,,,,,,,,,,,,,,,,Carolina Futons
cf_galena,Product,Galena Futon Frame,"Galena is a new design, featuring subtle curves and thicker slats. Available in Black Walnut and Dark Cherry. Available in four sizes: Full, Queen, Full Loveseat w/Ottoman, and Queen Loveseat w/Ottoman.","https://static.wixstatic.com/media/e04e89_86caccf98ec24689b92e0d7b9088e847~mv2.jpg/v1/fit/w_2000,h_2000,q_90/file.jpg;https://static.wixstatic.com/media/e04e89_f9cbbd16e58044eeaac99aed06fd96e8~mv2.jpg/v1/fit/w_2000,h_2000,q_90/file.jpg",Wall Hugger Frames,CF-FRAME-GALENA,,722,,true,PERCENT,0.0,InStock,0.0,,,,,,,,,,,,,,,,,,,,Manufacturer,Night & Day Furniture,,,,,,,,,,,,,,,,,Carolina Futons
cf_trinity,Product,Trinity Futon Frame,"The Trinity reflects the classic futon frame with its straightforward design, well-suited for most home styles and offering exceptional value. Available in four finishes: Cherry, Black Walnut, Dark Chocolate, and Natural.Available in Full and Queen.","https://static.wixstatic.com/media/e04e89_d39f32f6ca484d1b91e62e9c56514f4e~mv2.jpg/v1/fit/w_2000,h_2000,q_90/file.jpg;https://static.wixstatic.com/media/e04e89_24155fd4f2694120ac36b52d9689cb1a~mv2.jpg/v1/fit/w_2000,h_2000,q_90/file.jpg;https://static.wixstatic.com/media/e04e89_0a2f0905eb5745cc87b964b46689064d~mv2.jpg/v1/fit/w_2000,h_2000,q_90/file.jpg;https://static.wixstatic.com/media/e04e89_03d795f5452b409aa6d0b3626518c2f5~mv2.jpg/v1/fit/w_2000,h_2000,q_90/file.jpg",Futon Frames,CF-FRAME-TRINITY,,549,,true,PERCENT,0.0,InStock,0.0,,,,,,,,,,,,,,,,,,,,Manufacturer,Night & Day Furniture,,,,,,,,,,,,,,,,,Carolina Futons
cf_winchester,Product,Winchester Futon Frame,"The Winchester futon frame has a very appealing traditional mission-style design with solid steam-bent arms. Available in four finishes: Cherry, Black Walnut, Dark Chocolate, and Natural.Available in Full and Queen.","https://static.wixstatic.com/media/e04e89_bd162d22c93c4421a35c88967ded6d05~mv2.jpg/v1/fit/w_2000,h_2000,q_90/file.jpg;https://static.wixstatic.com/media/e04e89_ef5c8fce372b4839840d6bbce851260c~mv2.jpg/v1/fit/w_2000,h_2000,q_90/file.jpg;https://static.wixstatic.com/media/e04e89_40f3097cb89f4d648546b7d59d117216~mv2.jpg/v1/fit/w_2000,h_2000,q_90/file.jpg;https://static.wixstatic.com/media/e04e89_6977a39f65074ceea4717dd7ae3e3bd2~mv2.jpg/v1/fit/w_2000,h_2000,q_90/file.jpg",Casegoods & Accessories,CF-FRAME-WINCHESTER,,689,,true,PERCENT,0.0,InStock,0.0,,,,,,,,,,,,,,,,,,,,Manufacturer,Night & Day Furniture,,,,,,,,,,,,,,,,,Carolina Futons
cf_rosemary,Product,Rosemary Futon Frame,"Just like rosemary, this bed adds great taste to whatever it’s combined with - that's one attractive and versatile ingredient in a bedroom collection. Bed rails can be set up in two heights of 13.5"" or 16.3"" Available in Twin, Full, Queen, and King sizes Available in Cherry, Chocolate, White, Natural, and Stonewash Gray finishes Product Dimensions","https://static.wixstatic.com/media/e04e89_efd37face9b4468e9f9b339fb2de7c99~mv2.jpg/v1/fit/w_2000,h_2000,q_90/file.jpg;https://static.wixstatic.com/media/e04e89_a6abb5cf26f5476195c177a7a6cfa597~mv2.jpg/v1/fit/w_2000,h_2000,q_90/file.jpg;https://static.wixstatic.com/media/e04e89_9a63b94b19a24c618b9937d3d2aa9b71~mv2.jpg/v1/fit/w_2000,h_2000,q_90/file.jpg;https://static.wixstatic.com/media/e04e89_0de14ceb72c44ca583ca8660ff91b807~mv2.jpg/v1/fit/w_2000,h_2000,q_90/file.jpg;https://static.wixstatic.com/media/e04e89_fe22ad0c21fa44c3bddaede720eb7511~mv2.jpg/v1/fit/w_2000,h_2000,q_90/file.jpg;https://static.wixstatic.com/media/e04e89_76cd5d92774546eda7a02c81fb2d00c5~mv2.jpg/v1/fit/w_2000,h_2000,q_90/file.jpg;https://static.wixstatic.com/media/e04e89_3c04de468c524d7c84e7a27bacf41a1b~mv2.jpg/v1/fit/w_2000,h_2000,q_90/file.jpg",Platform Beds,CF-FRAME-ROSEMARY,,251,,true,PERCENT,0.0,InStock,0.0,,,,,,,,,,,,,,,,,,,,Manufacturer,Night & Day Furniture,,,,,,,,,,,,,,,,,Carolina Futons
cf_bali,Product,Bali Futon Frame,"The Bali futon frame offers a traditional slatted arm design that continues down the arm to encapsulate the sides. This frame is available with the Nesting Body Classic Design that features three positions: sofa, reclined, and bed. Two unique finishes are available: Skye and Brushed DriftwoodAvailable in Full and Queen","https://static.wixstatic.com/media/e04e89_1b2b8f6f864d4de8aa243f748acfbbf6~mv2.jpg/v1/fit/w_2000,h_2000,q_90/file.jpg;https://static.wixstatic.com/media/e04e89_3f69cfd86c8c4a42b9f0cebf7bb69449~mv2.jpg/v1/fit/w_2000,h_2000,q_90/file.jpg;https://static.wixstatic.com/media/e04e89_8b6693dd95e1412eb93e4499baa0707d~mv2.png/v1/fit/w_2000,h_2000,q_90/file.png",Front Loading Nesting,CF-FRAME-BALI,,729,,true,PERCENT,0.0,InStock,0.0,,,,,,,,,,,,,,,,,,,,Manufacturer,Night & Day Furniture,,,,,,,,,,,,,,,,,Carolina Futons
cf_flagstaff,Product,Flagstaff Futon Frame,*Contact for availability and pricing* The Flagstaff is a perfect blend of 9” of both soft and medium firm high-density convoluted foam plus 2” of 2.5-pound density block foam compressed to 8” to create a nearly perfect “medium” feel.,"https://static.wixstatic.com/media/e04e89_07621d698bdd4ab6a62b372d433fdb22~mv2.jpg/v1/fit/w_2000,h_2000,q_90/file.jpg",Mattresses,CF-FRAME-FLAGSTAFF,,,,true,PERCENT,0.0,InStock,0.0,,,,,,,,,,,,,,,,,,,,Manufacturer,Night & Day Furniture,,,,,,,,,,,,,,,,,Carolina Futons
cf_chandler,Product,Chandler Futon Frame,*Contact for availability and pricing* The Chandler is a pressure-relieving memory foam mattress that conforms to and supports for individualized comfort.,"https://static.wixstatic.com/media/e04e89_354d2b79d3004c6e95e629a6d99d2e8e~mv2.jpg/v1/fit/w_2000,h_2000,q_90/file.jpg",Mattresses,CF-FRAME-CHANDLER,,,,true,PERCENT,0.0,InStock,0.0,,,,,,,,,,,,,,,,,,,,Manufacturer,Night & Day Furniture,,,,,,,,,,,,,,,,,Carolina Futons
cf_pagoda,Product,Pagoda Futon Frame,"Pagoda will be the centerpiece of your room, with its distinct and elegant, slightly curved arm cap. Available in Black Walnut and Gray. Available in Full, Queen, Full Loveseat w/Ottoman, and Queen Loveseat w/Ottoman.","https://static.wixstatic.com/media/e04e89_64a88a98a65c44a184a777765d4ab582~mv2.jpg/v1/fit/w_2000,h_2000,q_90/file.jpg",Wall Hugger Frames,CF-FRAME-PAGODA,,737,,true,PERCENT,0.0,InStock,0.0,,,,,,,,,,,,,,,,,,,,Manufacturer,Night & Day Furniture,,,,,,,,,,,,,,,,,Carolina Futons
cf_tamarind,Product,Tamarind Futon Frame,"The Tamarind Bed is a handsome frame for every sort of lush and lovely bedding. The Tamarind makes a statement in any room and holds its own. Bed rails can be set up in two heights of 13.5"" or 16.3"" Available in Twin, Full, Queen, and King sizes Available in Cherry, Chocolate, White, Natural, and Stonewash Gray finishes","https://static.wixstatic.com/media/e04e89_87fc5cbf2de64492b123696695425c63~mv2.jpg/v1/fit/w_2000,h_2000,q_90/file.jpg;https://static.wixstatic.com/media/e04e89_686426dd5d9d47c1b51d64eb3fd4d7bd~mv2.jpg/v1/fit/w_2000,h_2000,q_90/file.jpg;https://static.wixstatic.com/media/e04e89_febeb1f5af1b4767a8143d62ce5588b8~mv2.jpg/v1/fit/w_2000,h_2000,q_90/file.jpg;https://static.wixstatic.com/media/e04e89_1f528ebf9ff743fcad3e7543a4034025~mv2.jpg/v1/fit/w_2000,h_2000,q_90/file.jpg;https://static.wixstatic.com/media/e04e89_aa2e7a6ede8f4097912a25162d5076c3~mv2.jpg/v1/fit/w_2000,h_2000,q_90/file.jpg;https://static.wixstatic.com/media/e04e89_745aeb2470e84e4bbd480596b10cf9f0~mv2.jpg/v1/fit/w_2000,h_2000,q_90/file.jpg;https://static.wixstatic.com/media/e04e89_c0b6b7df799649d99cd9adf845d1f945~mv2.jpg/v1/fit/w_2000,h_2000,q_90/file.jpg;https://static.wixstatic.com/media/e04e89_526ed23fe1a949abaf023584f7f1b200~mv2.jpg/v1/fit/w_2000,h_2000,q_90/file.jpg",Platform Beds,CF-FRAME-TAMARIND,,321,,true,PERCENT,0.0,InStock,0.0,,,,,,,,,,,,,,,,,,,,Manufacturer,Night & Day Furniture,,,,,,,,,,,,,,,,,Carolina Futons
cf_haley_110,Product,Haley 110 Futon Frame,"A popular multi-purpose futon engineered for a medium-firm feel, with generous amounts of highly-resilient foam and polyester. Characteristics Comfort Level - A not too soft, not too firm feel Durability - 10-12+ years, designed to resist changes in support for years Thickness - A TRUE 8"" (14"" of overstuffed goods compressed to perform inside an 8"" border) Weight - Per full size, 40 pounds Home Style Use - Sofa and Bed Frame Recommendations - Can be used on a bi-fold frame or a platform bed style frame Construction A 100% polyester fabric that breathes, stays cool and comfortable, and repels moisture. 9"" of 2-pound density foam provides the ability to keep the mattress looking and feeling great. The flame-retardant rayon wrap and polyester protects the mattress and gives a clean, finished look. Machine tufting reduces the thickness of the mattress to lock in its good look and feel. The tape edge construction ensures a proper fit and finish of the mattress cover. Bench Built: Hand-made quality assures uniformity and quality control on each futon. Box Edges: For a TRUE reading of thickness. Overstuffed: Generous amounts (approx. 14"") of different combinations of highly resilient foam and fiber that create an ""inside out"" force against the mattress ticking that is necessary for proper and comfortable support, whether sitting or sleeping. Tape Edge Closure: Expert mattress tailoring operation that seals the comfort inside the mattress ensures proper placement of materials in the cover and reinforces the edges to present a clean tailored look instead of a ""haphazardly stuffed look."" Compression Lace Tufting: This customized process alone will differentiate an Otis futon from any other! CLT serves to compress, strengthen, and control the overstuffed cushioning materials. Our ""buttonless"" tufting process forces the foam, fibers, springs, and mattress fabric to work together to create a supportive synergy that produces a comfort level unique to each mattress… bottom line, your mattress will feel as supportive as it did on the first day.","https://static.wixstatic.com/media/ed8a72_a3340eb058db41d5ad5d32a888b970f5~mv2.png/v1/fit/w_2000,h_2000,q_90/file.png",Platform Beds,CF-FRAME-HALEY110,,659,,true,PERCENT,0.0,InStock,0.0,,,,,,,,,,,,,,,,,,,,Manufacturer,Night & Day Furniture,,,,,,,,,,,,,,,,,Carolina Futons
cf_studio_frame,Product,Studio Futon Frame,"The Studio frame is a no-frills approach for a couch that can quickly and effortlessly be converted to a bed. It features four adjustable positions as a couch, with a set of sturdy wheels in the back, making it easy to move. Simple and affordable, this frame is a popular choice for any casual setting that fits in with any urban decor. The sturdy wheels in the back make it easy to move, with four reclining positions available. The Studio frame is a popular choice for any casual setting. Available in Full and Queen sizes. DimensionsFull Size: 54.5""W x 74""L x 10""H (bed position)Sofa Height: 31""Sofa Depth: 37.5"" Queen Size: 59.5""W x 78""L x 10""H (bed position)Sofa Height: 36""Sofa Depth: 38""","https://static.wixstatic.com/media/e04e89_4cd3b2c8e6c24c2b89bc72bbebbc4248~mv2.jpg/v1/fit/w_2000,h_2000,q_90/file.jpg;https://static.wixstatic.com/media/e04e89_5559ff110eb6414c8d025d7d9a4f2e50~mv2.jpg/v1/fit/w_2000,h_2000,q_90/file.jpg",Futon Frames,CF-FRAME-STUDIO,,229,,true,PERCENT,0.0,InStock,0.0,,,,,,,,,,,,,,,,,,,,Manufacturer,Night & Day Furniture,,,,,,,,,,,,,,,,,Carolina Futons
cf_ruskin,Product,Ruskin Futon Frame,The Ruskin futon frame features a simple yet elegant design of Mission-style vertical slats topped off by a slightly curving arm rest. Available in two finishes: Cherry and Dark Chocolate.Available in Full and Queen.,"https://static.wixstatic.com/media/e04e89_55f6efa6554646da8f74db10b161ba71~mv2.jpg/v1/fit/w_2000,h_2000,q_90/file.jpg;https://static.wixstatic.com/media/e04e89_71fe692588e64850aa915aca6ffc346b~mv2.jpg/v1/fit/w_2000,h_2000,q_90/file.jpg",Futon Frames,CF-FRAME-RUSKIN,,629,,true,PERCENT,0.0,InStock,0.0,,,,,,,,,,,,,,,,,,,,Manufacturer,Night & Day Furniture,,,,,,,,,,,,,,,,,Carolina Futons
cf_northampton,Product,Northampton Futon Frame,"*Contact for availability and pricing* The Northampton is another star in the Simple Comfort line but also a Dual Comfort mattress, with multi layers of rebonded foam and convoluted high-density foam to create a medium firm side and a softer side.","https://static.wixstatic.com/media/e04e89_0eb04eaa5f7f4ebfb28e59ac8dbc7372~mv2.jpg/v1/fit/w_2000,h_2000,q_90/file.jpg",Mattresses,CF-FRAME-NORTHAMPTON,,,,true,PERCENT,0.0,InStock,0.0,,,,,,,,,,,,,,,,,,,,Manufacturer,Night & Day Furniture,,,,,,,,,,,,,,,,,Carolina Futons
cf_key_west,Product,Key West Futon Frame,"The carefree style and fresh white finish of the Key West frame is perfectly at home in a beach, lake, or cottage setting. Available in White Finish only. Available in Full and Queen.","https://static.wixstatic.com/media/e04e89_0cab553616744ccfb0c7afb01fd1bf7b~mv2.jpg/v1/fit/w_2000,h_2000,q_90/file.jpg",Futon Frames,CF-FRAME-KEYWEST,,719,,true,PERCENT,0.0,InStock,0.0,,,,,,,,,,,,,,,,,,,,Manufacturer,Night & Day Furniture,,,,,,,,,,,,,,,,,Carolina Futons
cf_tozi,Product,Tozi Futon Frame,"The Tozi is a low-profile futon frame that fits great in tight spaces and allows the cover to be the focal point of this design. Available in Black Walnut in Full, Queen, Full Loveseat + Ottoman, and Queen Loveseat + Ottoman sizes.","https://static.wixstatic.com/media/e04e89_ddd2575f54504a6cbb7be09c774bbfe6~mv2.jpg/v1/fit/w_2000,h_2000,q_90/file.jpg;https://static.wixstatic.com/media/e04e89_2decb44785ec43ca8c44aa735795b64f~mv2.jpg/v1/fit/w_2000,h_2000,q_90/file.jpg",Wall Hugger Frames,CF-FRAME-TOZI,,656,,true,PERCENT,0.0,InStock,0.0,,,,,,,,,,,,,,,,,,,,Manufacturer,Night & Day Furniture,,,,,,,,,,,,,,,,,Carolina Futons
cf_gemini,Product,Gemini Futon Frame,*Contact for availability and pricing* The Gemini provides the comforting support of latex-like foam to deliver exceptional comfort that envelops your entire body. Ultra-premium seating comfort; unmatchable sleeping comfort.,"https://static.wixstatic.com/media/e04e89_4cab654aac414b82bec33508dce4b1b3~mv2.jpg/v1/fit/w_2000,h_2000,q_90/file.jpg",Mattresses,CF-FRAME-GEMINI,,,,true,PERCENT,0.0,InStock,0.0,,,,,,,,,,,,,,,,,,,,Manufacturer,Night & Day Furniture,,,,,,,,,,,,,,,,,Carolina Futons
cf_cambridge,Product,Cambridge Futon Frame,"*Contact for availability and pricing* The Cambridge is our star entry in the Simple Comfort line, which offers a soft-medium feel and affordability.","https://static.wixstatic.com/media/e04e89_17660b22850343059377d2a0edd7475c~mv2.jpg/v1/fit/w_2000,h_2000,q_90/file.jpg",Mattresses,CF-FRAME-CAMBRIDGE,,,,true,PERCENT,0.0,InStock,0.0,,,,,,,,,,,,,,,,,,,,Manufacturer,Night & Day Furniture,,,,,,,,,,,,,,,,,Carolina Futons
cf_sedona,Product,Sedona Futon Frame,*Contact for availability and pricing* The Sedona is another Dual Comfort mattress that offers a firm side and a medium-firm side; the perfect choice for consumers seeking a firmer comfort level and affordability.,"https://static.wixstatic.com/media/e04e89_1784a066b6d04f51b8882618474df1dc~mv2.jpg/v1/fit/w_2000,h_2000,q_90/file.jpg",Mattresses,CF-FRAME-SEDONA,,,,true,PERCENT,0.0,InStock,0.0,,,,,,,,,,,,,,,,,,,,Manufacturer,Night & Day Furniture,,,,,,,,,,,,,,,,,Carolina Futons
cf_tiro,Product,Tiro Futon Frame,"The Tiro frame is the easiest way to make the most out of small spaces, with its collapsible tray table feature. Available in your choice of Warm Cherry or Dark Cherry. Available in Full, Queen, Full Loveseat w/Ottoman, and Queen Loveseat w/Ottoman.","https://static.wixstatic.com/media/e04e89_36ddfc4cab4c40f5b5188f325a982984~mv2.jpg/v1/fit/w_2000,h_2000,q_90/file.jpg;https://static.wixstatic.com/media/e04e89_5451dd4980b44f7e9f42048d5dc9bd8d~mv2.jpg/v1/fit/w_2000,h_2000,q_90/file.jpg;https://static.wixstatic.com/media/e04e89_d8a9165606834f55bf514c4949a0d1f3~mv2.jpg/v1/fit/w_2000,h_2000,q_90/file.jpg;https://static.wixstatic.com/media/e04e89_4f8bc7427186421cbb10030a725cffc8~mv2.jpg/v1/fit/w_2000,h_2000,q_90/file.jpg",Wall Hugger Frames,CF-FRAME-TIRO,,782,,true,PERCENT,0.0,InStock,0.0,,,,,,,,,,,,,,,,,,,,Manufacturer,Night & Day Furniture,,,,,,,,,,,,,,,,,Carolina Futons
cf_yuma,Product,Yuma Futon Frame,"The Yuma is a Dual-Comfort linked coil innerspring unit, with the full size having 390 coils and queen size having 493 coils, with 2"" of 2 lbs. flat polyurethane soft foam, 3"" of 2.2 lbs. of convoluted polyurethane foam, and 1.375"" flat 2.2 lbs. of firm foam.","https://static.wixstatic.com/media/e04e89_ff7419677f7b4d5a87d1815aa167dbc2~mv2.jpg/v1/fit/w_2000,h_2000,q_90/file.jpg",Mattresses,CF-FRAME-YUMA,,,,true,PERCENT,0.0,InStock,0.0,,,,,,,,,,,,,,,,,,,,Manufacturer,Night & Day Furniture,,,,,,,,,,,,,,,,,Carolina Futons
cf_fuji,Product,Fuji Futon Frame,The Fuji futon frame brings a touch of Asian decor to any room with its curved stylish arms. Available in two finishes: Cherry and Dark Chocolate.Available in Full and Queen.,"https://static.wixstatic.com/media/e04e89_d60bc6751da04b5db43c7004a092c4e0~mv2.jpg/v1/fit/w_2000,h_2000,q_90/file.jpg;https://static.wixstatic.com/media/e04e89_3ed2a46a06034596aeb8c67c842e0ed0~mv2.jpg/v1/fit/w_2000,h_2000,q_90/file.jpg",Futon Frames,CF-FRAME-FUJI,,589,,true,PERCENT,0.0,InStock,0.0,,,,,,,,,,,,,,,,,,,,Manufacturer,Night & Day Furniture,,,,,,,,,,,,,,,,,Carolina Futons
cf_trelli,Product,Trelli Futon Frame,"Trelli's concave flowing arm cap and railroad trestle foundation combines style and function to any room. Available in Black Walnut and Warm Cherry. Available in Full, Queen, Full Loveseat w/Ottoman, and Queen Loveseat w/Ottoman.","https://static.wixstatic.com/media/e04e89_bf297cf70f0a43a99f7fa29da11d142e~mv2.jpg/v1/fit/w_2000,h_2000,q_90/file.jpg;https://static.wixstatic.com/media/e04e89_10e851f9921145cbb0db2f9f4807957a~mv2.jpg/v1/fit/w_2000,h_2000,q_90/file.jpg",Futon Frames,CF-FRAME-TRELLI,,773,,true,PERCENT,0.0,InStock,0.0,,,,,,,,,,,,,,,,,,,,Manufacturer,Night & Day Furniture,,,,,,,,,,,,,,,,,Carolina Futons
cf_winter,Product,Winter Futon Frame,"The handsome Winter frame will fill your mountain home or urban loft with its cozy comfort and appeal. Available in four finishes: Cherry, Black Walnut, Dark Chocolate, and Natural.Available in Full and Queen.","https://static.wixstatic.com/media/e04e89_22fd95833c1c459692dd9725e68480ce~mv2.jpg/v1/fit/w_2000,h_2000,q_90/file.jpg;https://static.wixstatic.com/media/e04e89_4c962b28c9b2454d9741667f3e548366~mv2.jpg/v1/fit/w_2000,h_2000,q_90/file.jpg;https://static.wixstatic.com/media/e04e89_784330c23f14451c8ec8daf2758875d6~mv2.jpg/v1/fit/w_2000,h_2000,q_90/file.jpg;https://static.wixstatic.com/media/e04e89_5fb892df49f24b4c872ab79223cb5b4e~mv2.jpg/v1/fit/w_2000,h_2000,q_90/file.jpg",Futon Frames,CF-FRAME-WINTER,,779,,true,PERCENT,0.0,InStock,0.0,,,,,,,,,,,,,,,,,,,,Manufacturer,Night & Day Furniture,,,,,,,,,,,,,,,,,Carolina Futons
cf_paprika,Product,Paprika Futon Frame,"The Paprika Platform Bed is a mix-and-match headboard; choose a fabric color and wood color combo to suit any decor. Bed rails can be set up in two heights of 13.5"" or 16.3"" Headboards available in Charcoal, Gray, Red, and Teal. Wood finishes available in Cherry, Dark Chocolate, White, and Natural Available in Twin, Full, Queen, and King sizes *Please note that while some images show a partial footboard, all colors have a full panel footboard. Please contact us for any clarification needed.","https://static.wixstatic.com/media/e04e89_b6e84d376eb34dd49612c0164c7dac87~mv2.jpg/v1/fit/w_2000,h_2000,q_90/file.jpg;https://static.wixstatic.com/media/e04e89_b6d5077317ec4a13a09258a88120cf83~mv2.jpg/v1/fit/w_2000,h_2000,q_90/file.jpg;https://static.wixstatic.com/media/e04e89_b631fc05131d47019ea35df7ac4570f2~mv2.jpg/v1/fit/w_2000,h_2000,q_90/file.jpg;https://static.wixstatic.com/media/e04e89_e0f700b6d35c4bcd8214cb4de99fb068~mv2.jpg/v1/fit/w_2000,h_2000,q_90/file.jpg;https://static.wixstatic.com/media/e04e89_71b8666dabf641e9ab00ac553283db2e~mv2.jpg/v1/fit/w_2000,h_2000,q_90/file.jpg;https://static.wixstatic.com/media/e04e89_20c35ac16c59449a8dd1bb9b883a772e~mv2.jpg/v1/fit/w_2000,h_2000,q_90/file.jpg;https://static.wixstatic.com/media/e04e89_9eb97af8c02040839e01aa120c19658f~mv2.jpg/v1/fit/w_2000,h_2000,q_90/file.jpg;https://static.wixstatic.com/media/e04e89_551426375268416397cb5c0d6e3ac3c0~mv2.jpg/v1/fit/w_2000,h_2000,q_90/file.jpg",Platform Beds,CF-FRAME-PAPRIKA,,244,,true,PERCENT,0.0,InStock,0.0,,,,,,,,,,,,,,,,,,,,Manufacturer,Night & Day Furniture,,,,,,,,,,,,,,,,,Carolina Futons
cf_tarragon,Product,Tarragon Futon Frame,"The Tarragon Platform Bed features a tall, handsome, paneled headboard, perfect for those wanting to pile their bed high with fluff and comfort. Bed rails can be used for a height of 13.7"" or 16.3 Available in Twin, Full, Queen, and King sizes Available in Cherry, Chocolate, White, Natural, and Stonewash Gray finishes*Please note that the Stonewash Gray image does not show the full footboard panel for the product (please see the other colors for full footboard panel image). Please contact us for clarification.","https://static.wixstatic.com/media/e04e89_1dd7f840025044478981e6e883863d55~mv2.jpg/v1/fit/w_2000,h_2000,q_90/file.jpg;https://static.wixstatic.com/media/e04e89_8bb00365ccdc4f33b899c2832e00832d~mv2.jpg/v1/fit/w_2000,h_2000,q_90/file.jpg;https://static.wixstatic.com/media/e04e89_b9d4cf76a1a84bf5bb4821edc53f6df2~mv2.jpg/v1/fit/w_2000,h_2000,q_90/file.jpg;https://static.wixstatic.com/media/e04e89_73b01be3988f4e1db8bc8d8cdf05eee3~mv2.jpg/v1/fit/w_2000,h_2000,q_90/file.jpg;https://static.wixstatic.com/media/e04e89_5d529812f06b498f92066d0d83ab5da8~mv2.jpg/v1/fit/w_2000,h_2000,q_90/file.jpg;https://static.wixstatic.com/media/e04e89_2ca6a98e903c4b338e2636e31717b4b0~mv2.jpg/v1/fit/w_2000,h_2000,q_90/file.jpg;https://static.wixstatic.com/media/e04e89_e3357a2ebecc403aab16cf851d974fbc~mv2.jpg/v1/fit/w_2000,h_2000,q_90/file.jpg;https://static.wixstatic.com/media/e04e89_6dd63262944145c9bf73d3c17ee75a06~mv2.jpg/v1/fit/w_2000,h_2000,q_90/file.jpg;https://static.wixstatic.com/media/e04e89_041223f7eef1499f926593c82e81c578~mv2.jpg/v1/fit/w_2000,h_2000,q_90/file.jpg;https://static.wixstatic.com/media/e04e89_ec7853e9fbe149a8936abbd1cd9a361d~mv2.jpg/v1/fit/w_2000,h_2000,q_90/file.jpg",Platform Beds,CF-FRAME-TARRAGON,,297,,true,PERCENT,0.0,InStock,0.0,,,,,,,,,,,,,,,,,,,,Manufacturer,Night & Day Furniture,,,,,,,,,,,,,,,,,Carolina Futons
cf_eureka,Product,Eureka Futon Frame,"The Eureka futon frame offers pleasing simplicity - no arms in your way! Available in five finishes: Black Walnut, Cherry, Dark Chocolate, Natural, and White.Available in Full and Queen.","https://static.wixstatic.com/media/e04e89_73e4f0964a3148bc842537e0bfc7cf58~mv2.jpg/v1/fit/w_2000,h_2000,q_90/file.jpg;https://static.wixstatic.com/media/e04e89_7949e3a6f16d4456a301d1f66fa25d99~mv2.jpg/v1/fit/w_2000,h_2000,q_90/file.jpg;https://static.wixstatic.com/media/e04e89_4f9103f2ab11435fa505e902aaf2a173~mv2.jpg/v1/fit/w_2000,h_2000,q_90/file.jpg;https://static.wixstatic.com/media/e04e89_93930267fc6f46f8a4ba35a4ef3757f1~mv2.jpg/v1/fit/w_2000,h_2000,q_90/file.jpg",Futon Frames,CF-FRAME-EUREKA,,549,,true,PERCENT,0.0,InStock,0.0,,,,,,,,,,,,,,,,,,,,Manufacturer,Night & Day Furniture,,,,,,,,,,,,,,,,,Carolina Futons
cf_alpine,Product,Alpine Futon Frame,"*Contact for availability and pricing* The Alpine is a dual comfort mattress, overstuffed with 12” of high-density foams thermally rebonded for extra strength and poly batting compressed to an 8” thickness. The Alpine is a customer favorite for its comfort and affordability.","https://static.wixstatic.com/media/e04e89_c54a59af156b423b9d0a0b57df7f17ae~mv2.jpg/v1/fit/w_2000,h_2000,q_90/file.jpg",Mattresses,CF-FRAME-ALPINE,,,,true,PERCENT,0.0,InStock,0.0,,,,,,,,,,,,,,,,,,,,Manufacturer,Night & Day Furniture,,,,,,,,,,,,,,,,,Carolina Futons
cf_thyme,Product,Thyme Futon Frame,"The Thyme Platform Bed makes a subtle statement in a room, making it a perfect piece to go with any decor or accessory. This model is available in the P-Series only (low profile), with footboard height of 13.5"" Available in Twin, Full, Queen, and King sizes Available in Cherry, Chocolate, Natural, Stonewash Gray, and White finishes Product Dimensions","https://static.wixstatic.com/media/e04e89_b4b165c6c9e64f90858fdc5a544e2bcd~mv2.jpg/v1/fit/w_2000,h_2000,q_90/file.jpg;https://static.wixstatic.com/media/e04e89_07c8333935e54d7cadd63ab2520693f7~mv2.jpg/v1/fit/w_2000,h_2000,q_90/file.jpg;https://static.wixstatic.com/media/e04e89_98f4d8a416054db5a318e14204464c80~mv2.jpg/v1/fit/w_2000,h_2000,q_90/file.jpg;https://static.wixstatic.com/media/e04e89_4bea49a709a3470a8315b5acd7309b0f~mv2.jpg/v1/fit/w_2000,h_2000,q_90/file.jpg;https://static.wixstatic.com/media/e04e89_6adbe4f158fc417384ac330a0cdb64a0~mv2.jpg/v1/fit/w_2000,h_2000,q_90/file.jpg;https://static.wixstatic.com/media/e04e89_2b18c31513b34fa5a01198b0c26677bb~mv2.jpg/v1/fit/w_2000,h_2000,q_90/file.jpg;https://static.wixstatic.com/media/e04e89_cee3c1d8619f4bf3b7ff83e614e4a49d~mv2.jpg/v1/fit/w_2000,h_2000,q_90/file.jpg;https://static.wixstatic.com/media/e04e89_3b21f44da4ac486581f5e5983c7e0973~mv2.jpg/v1/fit/w_2000,h_2000,q_90/file.jpg;https://static.wixstatic.com/media/e04e89_2b97bbd4133d408f822de2697526c4dc~mv2.jpg/v1/fit/w_2000,h_2000,q_90/file.jpg",Platform Beds,CF-FRAME-THYME,,224,,true,PERCENT,0.0,InStock,0.0,,,,,,,,,,,,,,,,,,,,Manufacturer,Night & Day Furniture,,,,,,,,,,,,,,,,,Carolina Futons
cf_asheville,Product,Asheville Futon Frame,"*Contact for availability and pricing* Although a spring system isn’t needed for support in this high-performance futon mattress, the Asheville offers familiar comfort for those who prefer the feel of an innerspring mattress.","https://static.wixstatic.com/media/e04e89_9a21133f83c3412ebe88d2f232c56cf9~mv2.jpg/v1/fit/w_2000,h_2000,q_90/file.jpg",Mattresses,CF-FRAME-ASHEVILLE,,,,true,PERCENT,0.0,InStock,0.0,,,,,,,,,,,,,,,,,,,,Manufacturer,Night & Day Furniture,,,,,,,,,,,,,,,,,Carolina Futons
cf_rockwell,Product,Rockwell Futon Frame,"This low-profile frame is a sleek, modern addition to any room. The clean lines and strong arm surface not only give this frame a beautiful design but excellent functionality. Available in Black Walnut and available in Full, Queen, Full Loveseat w/Ottoman, and Queen Loveseat w/Ottoman.","https://static.wixstatic.com/media/e04e89_fa9b333ca16d437c83a19415213aec3a~mv2.jpg/v1/fit/w_2000,h_2000,q_90/file.jpg",Wall Hugger Frames,CF-FRAME-ROCKWELL,,743,,true,PERCENT,0.0,InStock,0.0,,,,,,,,,,,,,,,,,,,,Manufacturer,Night & Day Furniture,,,,,,,,,,,,,,,,,Carolina Futons
cf_raleigh,Product,Raleigh Futon Frame,"The Raleigh offers a traditional tray arm design with slats that continue down the arm to encasulate the sides. This frame is available with the Nesting Body Classic Design that features three positions: sofa, reclined, and bed. Available in two unique finishes: Brushed Driftwood and Skye.Available in Full and Queen.","https://static.wixstatic.com/media/e04e89_31b09cbd740e4a63b8d95cbd69f309fc~mv2.jpg/v1/fit/w_2000,h_2000,q_90/file.jpg;https://static.wixstatic.com/media/e04e89_c4792b4b862c437187c372f7eaff8b3e~mv2.jpg/v1/fit/w_2000,h_2000,q_90/file.jpg",Front Loading Nesting,CF-FRAME-RALEIGH,,699,,true,PERCENT,0.0,InStock,0.0,,,,,,,,,,,,,,,,,,,,Manufacturer,Night & Day Furniture,,,,,,,,,,,,,,,,,Carolina Futons
cf_ekko,Product,Ekko Futon Frame,"The Ekko Platform Bed adds a clean and modern touch to your bedroom with its ""floating bed"" appearance. This bed frame features a slat spacing of 3 inches or less and a platform height of 10 inches. The Ekko has a weight capacity of up to 600 pounds.","https://static.wixstatic.com/media/e04e89_dd8edec4d8d147c7a043698551f9e231~mv2.png/v1/fit/w_2000,h_2000,q_90/file.png",Platform Beds,CF-FRAME-EKKO,,249,,true,PERCENT,0.0,InStock,0.0,,,,,,,,,,,,,,,,,,,,Manufacturer,Night & Day Furniture,,,,,,,,,,,,,,,,,Carolina Futons
cf_albany,Product,Albany Futon Frame,"The Albany frame offers an appealing low-profile design with easy, crisp styling often desired in small rooms and casual settings. Available in four finishes: Black Walnut, Cherry, Dark Chocolate, and Natural. Available in Full and Queen.","https://static.wixstatic.com/media/e04e89_491530e166394f50b3895b39ef88607d~mv2.jpg/v1/fit/w_2000,h_2000,q_90/file.jpg;https://static.wixstatic.com/media/e04e89_38f2f08870e34fe18b11d74527dfda39~mv2.jpg/v1/fit/w_2000,h_2000,q_90/file.jpg;https://static.wixstatic.com/media/e04e89_7524a32ff05d48ccaf68612c7d224f1d~mv2.jpg/v1/fit/w_2000,h_2000,q_90/file.jpg;https://static.wixstatic.com/media/e04e89_a648aa225d2949938f8d4421d2b075a4~mv2.jpg/v1/fit/w_2000,h_2000,q_90/file.jpg",Futon Frames,CF-FRAME-ALBANY,,529,,true,PERCENT,0.0,InStock,0.0,,,,,,,,,,,,,,,,,,,,Manufacturer,Night & Day Furniture,,,,,,,,,,,,,,,,,Carolina Futons
cf_venice,Product,Venice Futon Frame,"The Venice stands and delivers with its striking sleigh arm style. You really can’t go wrong; the Venice fits in everywhere. Available in three finishes: Cherry, Dark Chocolate, and Natural.Available in Full and Queen.","https://static.wixstatic.com/media/e04e89_c3661d2794c448c5ae1864dde58d0b3e~mv2.jpg/v1/fit/w_2000,h_2000,q_90/file.jpg;https://static.wixstatic.com/media/e04e89_0cbe46bf56894b30afd324bbbe81f4c3~mv2.jpg/v1/fit/w_2000,h_2000,q_90/file.jpg;https://static.wixstatic.com/media/e04e89_2028c9fff4aa404d8434ade014774179~mv2.jpg/v1/fit/w_2000,h_2000,q_90/file.jpg",Futon Frames,CF-FRAME-VENICE,,709,,true,PERCENT,0.0,InStock,0.0,,,,,,,,,,,,,,,,,,,,Manufacturer,Night & Day Furniture,,,,,,,,,,,,,,,,,Carolina Futons
cf_maricopa,Product,Maricopa Futon Frame,*Contact for availability and pricing* The unique soft touch on one side with firm support on the other makes the Maricopa one of our most popular Dual Comfort mattresses.,"https://static.wixstatic.com/media/e04e89_b9e01e79be954d298c27105c5652345a~mv2.jpg/v1/fit/w_2000,h_2000,q_90/file.jpg",Mattresses,CF-FRAME-MARICOPA,,,,true,PERCENT,0.0,InStock,0.0,,,,,,,,,,,,,,,,,,,,Manufacturer,Night & Day Furniture,,,,,,,,,,,,,,,,,Carolina Futons
cf_durango,Product,Durango Futon Frame,"The Durango is a sturdy mission-style frame featuring clean lines and vertical slats, allowing it to blend in with any contemporary decor. Available in Warm Cherry, Dark Cherry, and Gray. Available in Full, Queen, Full Loveseat w/Ottoman, and Queen Loveseat w/Ottoman","https://static.wixstatic.com/media/e04e89_5610973ac57d4ca28982a8be8d441235~mv2.jpg/v1/fit/w_2000,h_2000,q_90/file.jpg;https://static.wixstatic.com/media/e04e89_1bf3397ba8324a30aaa8cb475362ad00~mv2.jpg/v1/fit/w_2000,h_2000,q_90/file.jpg;https://static.wixstatic.com/media/e04e89_6f7f547a2cdc443ebccd5605720e011e~mv2.jpg/v1/fit/w_2000,h_2000,q_90/file.jpg;https://static.wixstatic.com/media/e04e89_d25c7cd6cb8b4b0aac8de2bbe389c350~mv2.jpg/v1/fit/w_2000,h_2000,q_90/file.jpg",Wall Hugger Frames,CF-FRAME-DURANGO,,704,,true,PERCENT,0.0,InStock,0.0,,,,,,,,,,,,,,,,,,,,Manufacturer,Night & Day Furniture,,,,,,,,,,,,,,,,,Carolina Futons
cf_kd_lounger,Product,KD Lounger,"The KD Lounger frame is a lounger, chair, and bed all in one! This multi-functional solid wood frame features numerous convertible positions and rounded corners, which is both functionally and aesthetically pleasing. This Lounger will be a sturdy fixture in your home for years to come. Popular uses for this versatile frame in all its multiple positions includereading, gaming, as well as watching sports and TV. This Lounger also makes a great transitional bed for small children: You can even adjust the back to your favorite position and read your child to sleep at night.Available in Twin, Full & Queen sizes. DimensionsTwin Size: 37""W x 74""L x 10"" H (bed position)Full Size: 52""W x 74""L x 10"" H (bed position)Queen Size: 58""W x 79""L x 10"" H (bed position) Sofa Height: Twin 31.5""; Full 31.5""; Queen 36.5""Sofa Depth (extension underneath frame): 46"" (all sizes)Overall Lounger Depth (w/extension): 63"" (all sizes)","https://static.wixstatic.com/media/e04e89_0afa9805d55f41bfa134b56a2b5d0109~mv2.jpg/v1/fit/w_2000,h_2000,q_90/file.jpg;https://static.wixstatic.com/media/e04e89_b3c4bb84b423457d80a2668231b51b48~mv2.jpg/v1/fit/w_2000,h_2000,q_90/file.jpg;https://static.wixstatic.com/media/e04e89_2e3f21adcec6479f9e2134be7ecc2e35~mv2.jpg/v1/fit/w_2000,h_2000,q_90/file.jpg;https://static.wixstatic.com/media/e04e89_f7544a851db545bba69c2d595ee299ea~mv2.jpg/v1/fit/w_2000,h_2000,q_90/file.jpg",Futon Frames,CF-FRAME-KDLOUNGER,,199,,true,PERCENT,0.0,InStock,0.0,,,,,,,,,,,,,,,,,,,,Manufacturer,KD Frames,,,,,,,,,,,,,,,,,Carolina Futons
cf_wilderness_log_futon,Product,Wilderness Log Futon,"Hand-crafted from natural log wood, the Wilderness futon frame brings rustic warmth to any room. The organic log construction creates a one-of-a-kind piece — no two frames are exactly alike. Available in Full and Queen sizes, the Wilderness holds a standard futon mattress and converts easily from sofa to bed. A signature choice for cabin retreats, lodges, or anyone who loves the beauty of natural wood.","https://static.wixstatic.com/media/e04e89_eae35a7d467c4dd9987d54e248fd7037~mv2.jpg/v1/fit/w_2000,h_2000,q_90/file.jpg",Futon Frames,CF-LOG-WILDERNESS,,1031,,true,PERCENT,0.0,InStock,0.0,,,,,,,,,,,,,,,,,,,,Manufacturer,Night & Day Furniture,,,,,,,,,,,,,,,,,Carolina Futons
cf_northern_exposure_log_futon,Product,Northern Exposure Log Futon,"Bring the outdoors in with the Northern Exposure log futon frame. Crafted from real log wood with natural variation in grain and texture, this rustic frame pairs with any futon mattress to create a cozy, cabin-inspired sleeping or seating surface. Available in Full and Queen. The robust construction is built to last for years of daily use.","https://static.wixstatic.com/media/e04e89_3b67f1efbfda401989e5af8354d8f0a2~mv2.jpg/v1/fit/w_2000,h_2000,q_90/file.jpg;https://static.wixstatic.com/media/e04e89_89fb7115b61d4a2087db3cac9386d89b~mv2.jpg/v1/fit/w_2000,h_2000,q_90/file.jpg",Futon Frames,CF-LOG-NORTHERNEXPOSURE,,903,,true,PERCENT,0.0,InStock,0.0,,,,,,,,,,,,,,,,,,,,Manufacturer,Night & Day Furniture,,,,,,,,,,,,,,,,,Carolina Futons
cf_mountainaire,Product,Mountainaire Log Futon,"The Mountainaire log futon frame combines rugged natural-log aesthetics with reliable everyday function. Each piece is unique, featuring the natural knots and character of real wood. Converts from sofa to bed in seconds. Ideal for vacation homes, dens, and spaces that call for an earthy, nature-inspired look. Fits standard Full and Queen futon mattresses.","https://static.wixstatic.com/media/e04e89_420f5592eca647ac9400e3fa635a1f03~mv2.jpg/v1/fit/w_2000,h_2000,q_90/file.jpg",Mattresses,CF-LOG-MOUNTAINAIRE,,,,true,PERCENT,0.0,InStock,0.0,,,,,,,,,,,,,,,,,,,,Manufacturer,Night & Day Furniture,,,,,,,,,,,,,,,,,Carolina Futons
cf_denali,Product,Denali Log Futon,"Named for North America's tallest peak, the Denali log futon frame commands attention with its bold, natural log construction. The organic silhouette stands apart from mass-produced furniture. Converts effortlessly from couch to bed. Available in Full and Queen to fit standard futon mattresses.","https://static.wixstatic.com/media/e04e89_dc02f16124414700a764ceaea356cbbf~mv2.jpg/v1/fit/w_2000,h_2000,q_90/file.jpg;https://static.wixstatic.com/media/e04e89_7260cfc3bd8541f58521cbdbdada01fd~mv2.jpg/v1/fit/w_2000,h_2000,q_90/file.jpg;https://static.wixstatic.com/media/e04e89_d32b3a76650045c8bffcc208f561c27c~mv2.jpg/v1/fit/w_2000,h_2000,q_90/file.jpg;https://static.wixstatic.com/media/e04e89_f2cb56c3d6e14aed96a453ddfb881bd8~mv2.jpg/v1/fit/w_2000,h_2000,q_90/file.jpg",Wall Hugger Frames,CF-LOG-DENALI,,737,,true,PERCENT,0.0,InStock,0.0,,,,,,,,,,,,,,,,,,,,Manufacturer,Night & Day Furniture,,,,,,,,,,,,,,,,,Carolina Futons
cf_daisy_murphy_bed_cabinet,Product,Daisy Murphy Bed Cabinet,"The Daisy Murphy Cabinet Bed is a truly instant guest bed. Convert it from a handsome cabinet to a comfortable queen-size bed in under one minute. When closed, it takes up just 10 square feet of floor space. Features a large rolling storage drawer, higher sleep platform, built-in dual power/USB module, solid hardwood and panel construction, and a shallow sleep enclosure. Includes a tri-fold premium gel memory foam queen mattress. Available in Buttercream, Black Walnut, White, and Vintage White. Cabinet: 10-year limited warranty. Mattress: 3-year limited warranty.","https://static.wixstatic.com/media/e04e89_818d75df410a41e1a0721207333bc93d~mv2.jpg/v1/fit/w_2000,h_2000,q_90/file.jpg;https://static.wixstatic.com/media/e04e89_2e3fa168292841258c47787aae13d635~mv2.jpg/v1/fit/w_2000,h_2000,q_90/file.jpg;https://static.wixstatic.com/media/e04e89_cf4697c58989464a946db65cc60bcaa1~mv2.jpg/v1/fit/w_2000,h_2000,q_90/file.jpg",Murphy Cabinet Beds,CF-MURPHY-DAISY,,2798,,true,PERCENT,0.0,InStock,0.0,,,,,,,,,,,,,,,,,,,,Manufacturer,Night & Day Furniture,,,,,,,,,,,,,,,,,Carolina Futons
cf_clover_murphy_bed_cabinet,Product,Clover Murphy Bed Cabinet,"The Clover Murphy Cabinet Bed transforms your living space with elegant, functional design. Convert from a stylish cabinet to a full queen-size guest bed in under one minute. Occupies just 10 square feet of floor space when closed. Features a large rolling storage drawer, elevated sleep platform, built-in dual power/USB charging ports, solid hardwood construction, and a tri-fold premium gel memory foam queen mattress. Available in Cherry, Dark Chocolate, and White. Ships fully assembled. Cabinet: 10-year limited warranty. Mattress: 3-year limited warranty.","https://static.wixstatic.com/media/e04e89_1b364a642b194fc8b51807d3b36e24e5~mv2.jpg/v1/fit/w_2000,h_2000,q_90/file.jpg;https://static.wixstatic.com/media/e04e89_a25a9697be0b46aea41fae6724276ce6~mv2.jpg/v1/fit/w_2000,h_2000,q_90/file.jpg;https://static.wixstatic.com/media/e04e89_c92ae613e67046e789245f78ae817e34~mv2.jpg/v1/fit/w_2000,h_2000,q_90/file.jpg;https://static.wixstatic.com/media/e04e89_e19c05c937b94ec69869cb0d91cedeaa~mv2.jpg/v1/fit/w_2000,h_2000,q_90/file.jpg;https://static.wixstatic.com/media/e04e89_3379f363fe5247059ae5bdb1d8ac636a~mv2.jpg/v1/fit/w_2000,h_2000,q_90/file.jpg;https://static.wixstatic.com/media/e04e89_4db23e464ec0466fa0e9a3109014cae6~mv2.jpg/v1/fit/w_2000,h_2000,q_90/file.jpg;https://static.wixstatic.com/media/e04e89_90a7c808b3204519afffaddd7a499dcf~mv2.jpg/v1/fit/w_2000,h_2000,q_90/file.jpg",Murphy Cabinet Beds,CF-MURPHY-CLOVER,,2598,,true,PERCENT,0.0,InStock,0.0,,,,,,,,,,,,,,,,,,,,Manufacturer,Night & Day Furniture,,,,,,,,,,,,,,,,,Carolina Futons
cf_poppy_murphy_bed_cabinet,Product,Poppy Murphy Bed Cabinet,"The Poppy Murphy Cabinet Bed brings artisan craftsmanship to the instant-guest-bed concept. Each cabinet features hand-applied finishes that are beautifully unique. Converts from elegant cabinet to a comfortable queen bed in under a minute. Includes a rolling storage drawer, elevated sleep platform, dual power/USB module, solid hardwood and panel construction, and a tri-fold premium gel memory foam queen mattress. Available in Harvest Brown, Brushed Driftwood, Antique Blue, Seafoam, and White Bark. Cabinet: 10-year limited warranty. Mattress: 3-year limited warranty.","https://static.wixstatic.com/media/e04e89_85ae7cc5b18f4343a4aa0507a078d9dd~mv2.jpg/v1/fit/w_2000,h_2000,q_90/file.jpg;https://static.wixstatic.com/media/e04e89_88913f71ed0a4b69b429de74f1ed45ff~mv2.jpg/v1/fit/w_2000,h_2000,q_90/file.jpg;https://static.wixstatic.com/media/e04e89_8a3941e60fe04d518c4920f04152a628~mv2.jpg/v1/fit/w_2000,h_2000,q_90/file.jpg;https://static.wixstatic.com/media/e04e89_f806bdd64fcd490ab95199c3a73cac4c~mv2.jpg/v1/fit/w_2000,h_2000,q_90/file.jpg;https://static.wixstatic.com/media/e04e89_246f67933fb9454fa6e637b4df96603a~mv2.jpg/v1/fit/w_2000,h_2000,q_90/file.jpg",Murphy Cabinet Beds,CF-MURPHY-POPPY,,2958,,true,PERCENT,0.0,InStock,0.0,,,,,,,,,,,,,,,,,,,,Manufacturer,Night & Day Furniture,,,,,,,,,,,,,,,,,Carolina Futons
cf_ranchero_murphy_cabinet_bed,Product,Ranchero Murphy Cabinet Bed,"The Ranchero Murphy Cabinet Bed combines western-inspired style with instant-guest-bed convenience. Converts from a stunning cabinet to a comfortable queen bed in under a minute. Features solid hardwood construction, built-in power/USB ports, rolling storage drawer, and an included tri-fold memory foam mattress. Available in Bakar, Wildwood Vintage White, and Wildwood Brown. Cabinet: 10-year limited warranty.","https://static.wixstatic.com/media/e04e89_00aa9b1d12114969b32e8e982d9bf5c2~mv2.png/v1/fit/w_2000,h_2000,q_90/file.png;https://static.wixstatic.com/media/e04e89_6448ea36a0ff451cb26966a338379917~mv2.jpg/v1/fit/w_2000,h_2000,q_90/file.jpg;https://static.wixstatic.com/media/e04e89_9c5d329d9e804362816eb64936f950a9~mv2.jpg/v1/fit/w_2000,h_2000,q_90/file.jpg;https://static.wixstatic.com/media/e04e89_d9c2cd7052ac4b9dac8cb20d55006e6b~mv2.jpg/v1/fit/w_2000,h_2000,q_90/file.jpg;https://static.wixstatic.com/media/e04e89_b1d8d9bddccc464f9cfa41ce000e690e~mv2.jpg/v1/fit/w_2000,h_2000,q_90/file.jpg",Murphy Cabinet Beds,CF-MURPHY-RANCHERO,,2978,,true,PERCENT,0.0,InStock,0.0,,,,,,,,,,,,,,,,,,,,Manufacturer,Night & Day Furniture,,,,,,,,,,,,,,,,,Carolina Futons
cf_sagebrush_murphy_cabinet_bed,Product,Sagebrush Murphy Cabinet Bed,"The Sagebrush Murphy Cabinet Bed offers a clean, versatile design that blends into any decor. Converts from an attractive cabinet to a ready-to-sleep queen bed in under one minute. Features built-in power/USB ports, rolling storage drawer, solid hardwood and panel construction, elevated sleep platform, and a tri-fold premium gel memory foam queen mattress. Available in Stonewash and Dark Chocolate. Cabinet: 10-year limited warranty.","https://static.wixstatic.com/media/e04e89_ca73275a55ae4bd8947c8cf4f3700278~mv2.jpg/v1/fit/w_2000,h_2000,q_90/file.jpg;https://static.wixstatic.com/media/e04e89_81d95d386fb04fd5b72475cfeb53267e~mv2.jpg/v1/fit/w_2000,h_2000,q_90/file.jpg;https://static.wixstatic.com/media/e04e89_280902fb1739493080f6c64bb852fce6~mv2.jpg/v1/fit/w_2000,h_2000,q_90/file.jpg",Murphy Cabinet Beds,CF-MURPHY-SAGEBRUSH,,2878,,true,PERCENT,0.0,InStock,0.0,,,,,,,,,,,,,,,,,,,,Manufacturer,Night & Day Furniture,,,,,,,,,,,,,,,,,Carolina Futons
cf_orion_murphy_cabinet_bed,Product,Orion Murphy Cabinet Bed,"The Orion Murphy Cabinet Bed is a full-size option for spaces that need an instant guest bed without sacrificing style. Converts from a beautiful cabinet to a comfortable bed in moments. Features solid hardwood construction, built-in charging ports, rolling storage drawer, and an included memory foam mattress. The Orion's clean lines work in traditional and contemporary rooms alike. Cabinet: 10-year limited warranty.","https://static.wixstatic.com/media/e04e89_6e00f8368b444bc8a99ec440929cceb7~mv2.jpg/v1/fit/w_2000,h_2000,q_90/file.jpg;https://static.wixstatic.com/media/e04e89_4022774c23684bebb49d3a113dec50ca~mv2.jpg/v1/fit/w_2000,h_2000,q_90/file.jpg;https://static.wixstatic.com/media/e04e89_eefefe7a6b9d4a2dac3e8b7fc44fed42~mv2.jpg/v1/fit/w_2000,h_2000,q_90/file.jpg;https://static.wixstatic.com/media/e04e89_70233f667e2049cf80c0a4c785d2c969~mv2.jpg/v1/fit/w_2000,h_2000,q_90/file.jpg;https://static.wixstatic.com/media/e04e89_8957f807808b4514a5199e7e01dcc088~mv2.jpg/v1/fit/w_2000,h_2000,q_90/file.jpg;https://static.wixstatic.com/media/e04e89_7ff63770de12438ba330d494923ea11d~mv2.jpg/v1/fit/w_2000,h_2000,q_90/file.jpg;https://static.wixstatic.com/media/e04e89_b2055537385949b9b67409c67e0650a7~mv2.jpg/v1/fit/w_2000,h_2000,q_90/file.jpg;https://static.wixstatic.com/media/e04e89_abaa4726f0e143638d54cd88d0d731c6~mv2.jpg/v1/fit/w_2000,h_2000,q_90/file.jpg;https://static.wixstatic.com/media/e04e89_752ab62916bc46158f634c711f2a8d8d~mv2.jpg/v1/fit/w_2000,h_2000,q_90/file.jpg;https://static.wixstatic.com/media/e04e89_6f31aab3932749d38671d135449c01c8~mv2.jpg/v1/fit/w_2000,h_2000,q_90/file.jpg;https://static.wixstatic.com/media/e04e89_9c56ba230162498dbc8b6b7eedc052e5~mv2.jpg/v1/fit/w_2000,h_2000,q_90/file.jpg",Murphy Cabinet Beds,CF-MURPHY-ORION,,1399,,true,PERCENT,0.0,InStock,0.0,,,,,,,,,,,,,,,,,,,,Manufacturer,Night & Day Furniture,,,,,,,,,,,,,,,,,Carolina Futons
cf_murphy_cube2,Product,Murphy Cube Cabinet Bed,"The Murphy Cube Cabinet Bed transforms from a compact, cube-style cabinet to a comfortable queen-size bed in under one minute. The modern, minimalist cube design fits effortlessly into contemporary living spaces occupying just 10 square feet when closed. Features solid hardwood and panel construction, tri-fold premium gel memory foam queen mattress, and folding trays. Available in Cherry, Dark Chocolate, Stonewash, White, Provence, and Normandy. Cabinet: 10-year limited warranty.","https://static.wixstatic.com/media/e04e89_82796c3f0c504578b1219e51cb2fd7f8~mv2.jpg/v1/fit/w_2000,h_2000,q_90/file.jpg;https://static.wixstatic.com/media/e04e89_6326dfe7d01e4788bb3bb753e83601d6~mv2.jpg/v1/fit/w_2000,h_2000,q_90/file.jpg;https://static.wixstatic.com/media/e04e89_9a398b73e6214ed9993fb6f9f0e9b2de~mv2.jpg/v1/fit/w_2000,h_2000,q_90/file.jpg;https://static.wixstatic.com/media/e04e89_7894c47082d2450c88efef580433ff18~mv2.jpg/v1/fit/w_2000,h_2000,q_90/file.jpg;https://static.wixstatic.com/media/e04e89_b8bb16e13941497cbbee9fe8746c8a34~mv2.jpg/v1/fit/w_2000,h_2000,q_90/file.jpg",Murphy Cabinet Beds,CF-MURPHY-CUBE,,1898,,true,PERCENT,0.0,InStock,0.0,,,,,,,,,,,,,,,,,,,,Manufacturer,Night & Day Furniture,,,,,,,,,,,,,,,,,Carolina Futons
cf_murphy_cabinet_express,Product,Murphy Cabinet Express,"The Murphy Cabinet Express is the most compact cabinet bed in the Night and Day lineup. A sleek sideboard that transforms into a comfortable queen bed in moments. Designed for rooms where space is truly at a premium. Features a built-in reading light, power/USB ports, fully assembled delivery with mattress packed inside, and a 10 sq ft closed footprint. Available in Twin, Full, and Queen. Finishes: Wildwood Brown, Normandy, and Provence. Cabinet: 10-year limited warranty. Mattress: 5-year limited warranty.","https://static.wixstatic.com/media/e04e89_3887b1acf16f4360979b0a66479934ac~mv2.png/v1/fit/w_2000,h_2000,q_90/file.png;https://static.wixstatic.com/media/e04e89_229fba0bcb404fda873a0552e7e39089~mv2.png/v1/fit/w_2000,h_2000,q_90/file.png;https://static.wixstatic.com/media/e04e89_431e9254845144ce8ee4baed220b643e~mv2.jpg/v1/fit/w_2000,h_2000,q_90/file.jpg;https://static.wixstatic.com/media/e04e89_d1838922ab7f4ed983c3c99e0fe95ff7~mv2.jpg/v1/fit/w_2000,h_2000,q_90/file.jpg;https://static.wixstatic.com/media/e04e89_08a15287a88145c899f30248a02eb10a~mv2.jpg/v1/fit/w_2000,h_2000,q_90/file.jpg;https://static.wixstatic.com/media/e04e89_4681ba492fcf41a4a7e967a932b01a22~mv2.jpg/v1/fit/w_2000,h_2000,q_90/file.jpg;https://static.wixstatic.com/media/e04e89_f202e6e3215c4980b48ad0baa2b0d815~mv2.jpg/v1/fit/w_2000,h_2000,q_90/file.jpg;https://static.wixstatic.com/media/e04e89_57194a99231e40b9b3fe81a94b7248d5~mv2.jpg/v1/fit/w_2000,h_2000,q_90/file.jpg;https://static.wixstatic.com/media/e04e89_371521494bf8452b9f863f379bdf37bb~mv2.jpg/v1/fit/w_2000,h_2000,q_90/file.jpg;https://static.wixstatic.com/media/e04e89_107b1c1521304466a2f26aa10e07a9b2~mv2.jpg/v1/fit/w_2000,h_2000,q_90/file.jpg;https://static.wixstatic.com/media/e04e89_9b994251d352460982394b255fe8c588~mv2.jpg/v1/fit/w_2000,h_2000,q_90/file.jpg;https://static.wixstatic.com/media/e04e89_f9e0ca9a2a2c448caa8a6b6c5878b473~mv2.jpg/v1/fit/w_2000,h_2000,q_90/file.jpg;https://static.wixstatic.com/media/e04e89_39a8c297c8ae4f3e8f6bcf1cd1663cc7~mv2.jpg/v1/fit/w_2000,h_2000,q_90/file.jpg;https://static.wixstatic.com/media/e04e89_8af1c42f2f204540b30943d1a08528d8~mv2.jpg/v1/fit/w_2000,h_2000,q_90/file.jpg",Murphy Cabinet Beds,CF-MURPHY-EXPRESS,,2138,,true,PERCENT,0.0,InStock,0.0,,,,,,,,,,,,,,,,,,,,Manufacturer,Night & Day Furniture,,,,,,,,,,,,,,,,,Carolina Futons
cf_san_sebastian_sealy_cabinet_bed,Product,San Sebastian Sealy Cabinet Bed,"The San Sebastian Cabinet Bed pairs the instant-open cabinet design with the trusted comfort of a Sealy mattress. Transforms from an elegant cabinet to a cozy sleeping surface in under one minute. Features solid hardwood construction, a rolling storage drawer, built-in power/USB module, and the included Sealy gel memory foam mattress. Cabinet: 10-year limited warranty.","https://static.wixstatic.com/media/e04e89_52b22978b544467cbba99eb139b56c97f002.jpg/v1/fit/w_2000,h_2000,q_90/file.jpg;https://static.wixstatic.com/media/e04e89_509ebc81d3ba406b9118cd093b549576~mv2.jpg/v1/fit/w_2000,h_2000,q_90/file.jpg;https://static.wixstatic.com/media/e04e89_43356090a5044c0f929590ad7b6b6266~mv2.jpg/v1/fit/w_2000,h_2000,q_90/file.jpg",Murphy Cabinet Beds,CF-MURPHY-SANSEBASTIAN,,1778,,true,PERCENT,0.0,InStock,0.0,,,,,,,,,,,,,,,,,,,,Manufacturer,Sealy,,,,,,,,,,,,,,,,,Carolina Futons
cf_nomad,Product,Nomad Platform Bed,"The Nomad Platform Bed is a minimalist, Swedish-inspired design named a top pick for platform beds under $600 by New York Times Wirecutter. Crafted from kiln-dried Tulip Poplar hardwood grown in responsibly managed Virginia forests and manufactured in Athens, Georgia since 1987. The natural, unfinished wood surface pairs with virtually any bedroom aesthetic. Platform height: 15 inches. Slat spacing: 2.8 inches. Weight capacity: 600 lbs. Optional leg extensions available. Available in Twin, Twin XL, Full, Queen, King, and California King.","https://static.wixstatic.com/media/e04e89_0f1ec504063c4f0bb1d4adfd451f9038~mv2.jpg/v1/fit/w_2000,h_2000,q_90/file.jpg;https://static.wixstatic.com/media/e04e89_b2e3e331c4154a1ca8dd13b0897eec1c~mv2.jpg/v1/fit/w_2000,h_2000,q_90/file.jpg;https://static.wixstatic.com/media/e04e89_5dee341c140e48f5b89daf3385585a58~mv2.jpg/v1/fit/w_2000,h_2000,q_90/file.jpg;https://static.wixstatic.com/media/e04e89_bdff14f2f5d748fea45693314100693e~mv2.jpg/v1/fit/w_2000,h_2000,q_90/file.jpg",Platform Beds,CF-PLATFORM-NOMAD,,259,,true,PERCENT,0.0,InStock,0.0,,,,,,,,,,,,,,,,,,,,Manufacturer,Night & Day Furniture,,,,,,,,,,,,,,,,,Carolina Futons
cf_charleston,Product,Charleston Platform Bed,"The Charleston Platform Bed features a classic mission-style headboard (40 inches tall) inspired by the American Arts and Crafts movement. Solid kiln-dried Tulip Poplar hardwood, made in Athens, Georgia. Natural, unfinished, chemical-free. Platform height: 15 inches. Slat spacing: 2.8 inches. Weight capacity: 600 lbs. Eliminates the need for a box spring. Available in Twin, Twin XL, Full, Queen, and King. 5-year warranty.","https://static.wixstatic.com/media/e04e89_f010f958f7844c9c83a051312637d02f~mv2.jpg/v1/fit/w_2000,h_2000,q_90/file.jpg;https://static.wixstatic.com/media/e04e89_8e72406ca6df49c9a485d154d66c00a5~mv2.jpg/v1/fit/w_2000,h_2000,q_90/file.jpg;https://static.wixstatic.com/media/e04e89_ec0040c6d0604d679bf47db0644bdf54~mv2.jpg/v1/fit/w_2000,h_2000,q_90/file.jpg",Platform Beds,CF-PLATFORM-CHARLESTON,,319,,true,PERCENT,0.0,InStock,0.0,,,,,,,,,,,,,,,,,,,,Manufacturer,Night & Day Furniture,,,,,,,,,,,,,,,,,Carolina Futons
cf_nutmeg_platform_bed,Product,Nutmeg Platform Bed,"The Nutmeg Platform Bed offers a warm, natural hardwood aesthetic. Built from kiln-dried Tulip Poplar hardwood in Athens, Georgia, the Nutmeg eliminates the need for a box spring and provides ample under-bed storage clearance. Platform height: 15 inches. Slat spacing: 2.8 inches. Weight capacity: 600 lbs. Accommodates virtually any mattress. 5-year manufacturer warranty.","https://static.wixstatic.com/media/e04e89_1138b007dc604020b1d9c571febd608b~mv2.jpg/v1/fit/w_2000,h_2000,q_90/file.jpg;https://static.wixstatic.com/media/e04e89_0b34073c719d4885beb7607e46094baa~mv2.jpg/v1/fit/w_2000,h_2000,q_90/file.jpg;https://static.wixstatic.com/media/e04e89_1a611742bf444f04ac7334b6293850ba~mv2.jpg/v1/fit/w_2000,h_2000,q_90/file.jpg;https://static.wixstatic.com/media/e04e89_a5ff84016c3b4af4b2318a7bc6863d9b~mv2.jpg/v1/fit/w_2000,h_2000,q_90/file.jpg;https://static.wixstatic.com/media/e04e89_5cf4162e1edb432a9a7931d4ddb1f340~mv2.jpg/v1/fit/w_2000,h_2000,q_90/file.jpg;https://static.wixstatic.com/media/e04e89_b832efcd607e4c7b90c9cc65d4c85b63~mv2.jpg/v1/fit/w_2000,h_2000,q_90/file.jpg;https://static.wixstatic.com/media/e04e89_6522fb3e1cd04d54879c81aa521708bd~mv2.jpg/v1/fit/w_2000,h_2000,q_90/file.jpg;https://static.wixstatic.com/media/e04e89_725dfaf7e4fd4b2a879ca7cc8cb6c0d6~mv2.jpg/v1/fit/w_2000,h_2000,q_90/file.jpg;https://static.wixstatic.com/media/e04e89_b74e585de02243c9bbe493f8dcc055ce~mv2.jpg/v1/fit/w_2000,h_2000,q_90/file.jpg;https://static.wixstatic.com/media/e04e89_6fcc4216caa64336bbdb8acae9f7bb78~mv2.jpg/v1/fit/w_2000,h_2000,q_90/file.jpg",Platform Beds,CF-PLATFORM-NUTMEG,,266,,true,PERCENT,0.0,InStock,0.0,,,,,,,,,,,,,,,,,,,,Manufacturer,Night & Day Furniture,,,,,,,,,,,,,,,,,Carolina Futons
cf_lexington_1,Product,Lexington Platform Bed,"The Lexington Platform Bed combines the Nomad base with a distinctive, taller headboard for a more traditional bedroom look. Kiln-dried Tulip Poplar hardwood, manufactured in Athens, Georgia. Natural, unfinished, sustainably sourced. Platform height: 15 inches. Slat spacing: 2.8 inches. Weight capacity: 600 lbs. Available in Twin, Twin XL, Full, Queen, King, and California King. 5-year warranty.","https://static.wixstatic.com/media/e04e89_0c35989bde4d4ece9f0c91eed30a4aad~mv2.jpg/v1/fit/w_2000,h_2000,q_90/file.jpg;https://static.wixstatic.com/media/e04e89_6f77fe2498b34c4295b48e0677300a19~mv2.jpg/v1/fit/w_2000,h_2000,q_90/file.jpg",Mattresses,CF-PLATFORM-LEXINGTON,,319,,true,PERCENT,0.0,InStock,0.0,,,,,,,,,,,,,,,,,,,,Manufacturer,Night & Day Furniture,,,,,,,,,,,,,,,,,Carolina Futons
cf_basic_bed,Product,Basic Platform Bed,"A no-nonsense solid wood platform bed at an accessible price. The Basic Platform Bed eliminates the box spring requirement while providing a sturdy, flat sleeping surface. Made from kiln-dried hardwood. Platform height: 15 inches. Weight capacity: 600 lbs. Compatible with any standard mattress. Available in Full and Queen.","https://static.wixstatic.com/media/e04e89_daa8513102cd41ca9203d9130e01ba42~mv2.jpg/v1/fit/w_2000,h_2000,q_90/file.jpg;https://static.wixstatic.com/media/e04e89_096d9f24acbf41b6829ae86a80c1c7fe~mv2.jpg/v1/fit/w_2000,h_2000,q_90/file.jpg;https://static.wixstatic.com/media/e04e89_468b14ef909340c2a0ceb1cd4cca50ed~mv2.jpg/v1/fit/w_2000,h_2000,q_90/file.jpg;https://static.wixstatic.com/media/e04e89_ba9ad126d2214462b00e060423f47db8~mv2.jpg/v1/fit/w_2000,h_2000,q_90/file.jpg;https://static.wixstatic.com/media/e04e89_3bd5477d3e604f00912613173411af65~mv2.jpg/v1/fit/w_2000,h_2000,q_90/file.jpg;https://static.wixstatic.com/media/e04e89_a3fe93d0dbcf40b48bc5b176e52e1efb~mv2.jpg/v1/fit/w_2000,h_2000,q_90/file.jpg;https://static.wixstatic.com/media/e04e89_384e6e502d524f4dab3b0969ffd0eef9~mv2.jpg/v1/fit/w_2000,h_2000,q_90/file.jpg;https://static.wixstatic.com/media/e04e89_32c7648a67c147b58520695a1703bfdf~mv2.jpg/v1/fit/w_2000,h_2000,q_90/file.jpg",Platform Beds,CF-PLATFORM-BASIC,,486,,true,PERCENT,0.0,InStock,0.0,,,,,,,,,,,,,,,,,,,,Manufacturer,KD Frames,,,,,,,,,,,,,,,,,Carolina Futons
cf_folding_platform_bed,Product,Folding Platform Bed,"The Folding Platform Bed offers the convenience of easy storage and setup. Folds flat for compact storage or moving, then unfolds to a full-width sleeping surface. Solid hardwood construction. A practical solution for guest rooms and small spaces. Weight capacity: 600 lbs.","https://static.wixstatic.com/media/e04e89_92ec39c6ac5f41c39b2a8837b035203f~mv2.png/v1/fit/w_2000,h_2000,q_90/file.png",Platform Beds,CF-PLATFORM-FOLDING,,199,,true,PERCENT,0.0,InStock,0.0,,,,,,,,,,,,,,,,,,,,Manufacturer,KD Frames,,,,,,,,,,,,,,,,,Carolina Futons
cf_twin_trundle_bed,Product,Twin Trundle Bed,"The Twin Trundle Bed provides a second sleeping surface that rolls away when not needed. Pull out the trundle for a guest, tuck it back when the room needs floor space. Pairs with KD Frames platform beds. Solid hardwood construction with easy-rolling casters.","https://static.wixstatic.com/media/e04e89_48edd2b97f994c6bb08401915a054ca5~mv2.jpg/v1/fit/w_2000,h_2000,q_90/file.jpg;https://static.wixstatic.com/media/e04e89_6f77fe2498b34c4295b48e0677300a19~mv2.jpg/v1/fit/w_2000,h_2000,q_90/file.jpg",Casegoods & Accessories,CF-PLATFORM-TWINTRUNDLE,,199,,true,PERCENT,0.0,InStock,0.0,,,,,,,,,,,,,,,,,,,,Manufacturer,Night & Day Furniture,,,,,,,,,,,,,,,,,Carolina Futons
cf_trundle_bed,Product,Trundle Bed,"A roll-out trundle that slides neatly beneath a platform bed, providing an instant second sleeping surface when guests arrive. Solid hardwood construction and smooth-rolling casters. Compatible with KD Frames platform bed lineup. Full or Queen size available.","https://static.wixstatic.com/media/e04e89_35e785c765fa44b68122702f08559cdc~mv2.jpg/v1/fit/w_2000,h_2000,q_90/file.jpg;https://static.wixstatic.com/media/e04e89_1a790e532def4e90986298d990f7552c~mv2.jpg/v1/fit/w_2000,h_2000,q_90/file.jpg;https://static.wixstatic.com/media/e04e89_bb041fcea71e463ea904632125f03017~mv2.jpg/v1/fit/w_2000,h_2000,q_90/file.jpg;https://static.wixstatic.com/media/e04e89_a4d551edf8a7417da453f51424d5e2a5~mv2.jpg/v1/fit/w_2000,h_2000,q_90/file.jpg",Casegoods & Accessories,CF-PLATFORM-TRUNDLE,,479,,true,PERCENT,0.0,InStock,0.0,,,,,,,,,,,,,,,,,,,,Manufacturer,Night & Day Furniture,,,,,,,,,,,,,,,,,Carolina Futons
cf_canby,Product,Canby Mattress,"The Canby is a versatile, medium-density futon mattress built for both sitting and sleeping comfort. Multi-layer foam construction provides responsive support for daily use as a sofa and overnight use as a bed. The Canby's balanced firmness suits a wide range of sleepers. Available in Full and Queen sizes.","https://static.wixstatic.com/media/e04e89_ceded0aeb93c4f838fff56b05098dfc6~mv2.jpg/v1/fit/w_2000,h_2000,q_90/file.jpg;https://static.wixstatic.com/media/e04e89_e2fdfe2a8a7148ed95abbb764ce64b37~mv2.jpg/v1/fit/w_2000,h_2000,q_90/file.jpg;https://static.wixstatic.com/media/e04e89_6ef07ae7a0fc4120928bd333153e7a4c~mv2.jpg/v1/fit/w_2000,h_2000,q_90/file.jpg",Wall Hugger Frames,CF-MATTRESS-CANBY,,737,,true,PERCENT,0.0,InStock,0.0,,,,,,,,,,,,,,,,,,,,Manufacturer,Otis Bed,,,,,,,,,,,,,,,,,Carolina Futons
cf_portofino,Product,Portofino Mattress,The Portofino futon mattress is designed for premium comfort. Multi-layer foam construction delivers plush sitting comfort and solid sleeping support. The higher loft gives it a more bed-like feel when the frame is in the flat position. Ideal for guest rooms. Available in Full and Queen.,"https://static.wixstatic.com/media/e04e89_d7ea16ef2c2c4d938abbda1ecc1f5c77~mv2.jpg/v1/fit/w_2000,h_2000,q_90/file.jpg;https://static.wixstatic.com/media/e04e89_913d086bf5944b3d99fd39e630a8e17c~mv2.jpg/v1/fit/w_2000,h_2000,q_90/file.jpg;https://static.wixstatic.com/media/e04e89_5b3c988623154727b55015af515fd118~mv2.jpg/v1/fit/w_2000,h_2000,q_90/file.jpg;https://static.wixstatic.com/media/e04e89_608fa4a995fc4f2290b8665466917d72~mv2.jpg/v1/fit/w_2000,h_2000,q_90/file.jpg",Futon Frames,CF-MATTRESS-PORTOFINO,,859,,true,PERCENT,0.0,InStock,0.0,,,,,,,,,,,,,,,,,,,,Manufacturer,Otis Bed,,,,,,,,,,,,,,,,,Carolina Futons
cf_mesa_1000,Product,Mesa 1000 Mattress,"The Mesa 1000 is Carolina Futons' entry-level foam futon mattress, ideal for guest rooms and light-use applications. Single-density foam core provides firm support at an accessible price. Works with all standard full-bifold futon frames. Available in Full and Queen sizes.","https://static.wixstatic.com/media/e04e89_8ba94e9ad1f44717839eae0aa49aa810~mv2.jpg/v1/fit/w_2000,h_2000,q_90/file.jpg",Platform Beds,CF-MATTRESS-MESA1000,,,,true,PERCENT,0.0,InStock,0.0,,,,,,,,,,,,,,,,,,,,Manufacturer,Otis Bed,,,,,,,,,,,,,,,,,Carolina Futons
cf_mesa_3000,Product,Mesa 3000 Mattress,The Mesa 3000 is a mid-range futon mattress with improved comfort over entry-level options. Multi-layer foam construction provides a firmer base topped by a softer comfort layer. A popular choice for everyday use in living rooms and dens. Available in Full and Queen sizes.,"https://static.wixstatic.com/media/e04e89_71ae301362a742ea96dc352f6cdaa0d0~mv2.jpg/v1/fit/w_2000,h_2000,q_90/file.jpg",Mattresses,CF-MATTRESS-MESA3000,,,,true,PERCENT,0.0,InStock,0.0,,,,,,,,,,,,,,,,,,,,Manufacturer,Otis Bed,,,,,,,,,,,,,,,,,Carolina Futons
cf_mesa_5000,Product,Mesa 5000 Mattress,"The Mesa 5000 is Carolina Futons' premium foam futon mattress designed for daily use as both sofa and bed. Multi-density foam construction provides firm, durable support without bottoming out. Superior foam quality means longer life and consistent comfort. Available in Full and Queen sizes.","https://static.wixstatic.com/media/e04e89_0128a414ce614faf8498fabc458950c1~mv2.jpg/v1/fit/w_2000,h_2000,q_90/file.jpg",Platform Beds,CF-MATTRESS-MESA5000,,,,true,PERCENT,0.0,InStock,0.0,,,,,,,,,,,,,,,,,,,,Manufacturer,Otis Bed,,,,,,,,,,,,,,,,,Carolina Futons
cf_solstice,Product,Solstice Mattress,"The Solstice futon mattress is an Otis Bed original. Cotton-free, dust-resistant construction with balanced, responsive foam that handles daily sitting and sleeping with ease. A hallmark of Otis Bed quality. Available in Full and Queen sizes.","https://static.wixstatic.com/media/e04e89_7e9b8a8110ed42f7a558b7cae5999b42~mv2.jpg/v1/fit/w_2000,h_2000,q_90/file.jpg;https://static.wixstatic.com/media/e04e89_1b174fc35bc4455fad924f11433ed440~mv2.jpg/v1/fit/w_2000,h_2000,q_90/file.jpg;https://static.wixstatic.com/media/e04e89_1181b26810734016b51b140dbb4b6c78~mv2.jpg/v1/fit/w_2000,h_2000,q_90/file.jpg;https://static.wixstatic.com/media/e04e89_6a18e7df61294d79af567004adc46a92~mv2.jpg/v1/fit/w_2000,h_2000,q_90/file.jpg",Futon Frames,CF-MATTRESS-SOLSTICE,,829,,true,PERCENT,0.0,InStock,0.0,,,,,,,,,,,,,,,,,,,,Manufacturer,Otis Bed,,,,,,,,,,,,,,,,,Carolina Futons
cf_pulsar,Product,Pulsar Mattress,"The Pulsar is Otis Bed's premium memory foam futon mattress. Temperature-sensitive visco-elastic memory foam conforms to your body's shape, relieving pressure points for deeper sleep. During the day, the Pulsar's density provides firm, supportive seating. At night, the memory foam softens to body heat. Available in Full and Queen sizes.","https://static.wixstatic.com/media/ed8a72_2074fe930da5463f9b691838b720645d~mv2.png/v1/fit/w_2000,h_2000,q_90/file.png",Platform Beds,CF-MATTRESS-PULSAR,,709,,true,PERCENT,0.0,InStock,0.0,,,,,,,,,,,,,,,,,,,,Manufacturer,Otis Bed,,,,,,,,,,,,,,,,,Carolina Futons
cf_mattress_protector,Product,Mattress Protector,"Protect your futon mattress investment with a fitted mattress protector. The water-resistant barrier guards against spills, stains, and allergens while preserving mattress freshness. Easy to remove and machine wash. Available in Full and Queen sizes.","https://static.wixstatic.com/media/e04e89_015aaccdf0c548da95e09b93970fb260~mv2.jpg/v1/fit/w_2000,h_2000,q_90/file.jpg",Mattresses,CF-ACC-PROTECTOR,,89,,true,PERCENT,0.0,InStock,0.0,,,,,,,,,,,,,,,,,,,,Manufacturer,Night & Day Furniture,,,,,,,,,,,,,,,,,Carolina Futons
cf_storage_drawers,Product,Storage Drawers,Add valuable under-bed storage to your KD Frames platform bed. Smooth-rolling casters make drawers easy to pull out and push back. Solid hardwood construction matches the natural aesthetic of KD Frames beds. Sold in pairs.,"https://static.wixstatic.com/media/e04e89_97434191fcb1498e8d74069eb25a0a35~mv2.jpg/v1/fit/w_2000,h_2000,q_90/file.jpg;https://static.wixstatic.com/media/e04e89_649cdda57e3248888c5f58e681911d29~mv2.jpg/v1/fit/w_2000,h_2000,q_90/file.jpg;https://static.wixstatic.com/media/e04e89_6dffa0be2aea4e8e86659364e0c92b54~mv2.jpg/v1/fit/w_2000,h_2000,q_90/file.jpg;https://static.wixstatic.com/media/e04e89_d820ab45e35042469fbbbdd37df3bc56~mv2.jpg/v1/fit/w_2000,h_2000,q_90/file.jpg;https://static.wixstatic.com/media/e04e89_8aa29aaff1fd42a09184bc46032a8d71~mv2.jpg/v1/fit/w_2000,h_2000,q_90/file.jpg",Platform Beds,CF-ACC-DRAWERS,,269,,true,PERCENT,0.0,InStock,0.0,,,,,,,,,,,,,,,,,,,,Manufacturer,Night & Day Furniture,,,,,,,,,,,,,,,,,Carolina Futons
cf_center_legs,Product,Center Legs,"Add center support to your full or queen futon frame. Recommended for extra-heavy use or when using premium, high-loft mattresses. Ensures the frame rail does not flex or bow over time. Fits most standard full-bifold futon frames. Easy to install.","https://static.wixstatic.com/media/e04e89_0f099224141448be98f5ce46b4f42f35~mv2.jpg/v1/fit/w_2000,h_2000,q_90/file.jpg",Casegoods & Accessories,CF-ACC-CENTERLEGS,,35,,true,PERCENT,0.0,InStock,0.0,,,,,,,,,,,,,,,,,,,,Manufacturer,Night & Day Furniture,,,,,,,,,,,,,,,,,Carolina Futons
cf_accessories,Product,Accessories,"Browse Carolina Futons' full selection of accessories including center legs, mattress covers, arm pads, cup holders, and replacement frame hardware. Contact us for specific compatibility questions.","https://static.wixstatic.com/media/e04e89_688deb874844479f824296b59eadaeea~mv2.jpg/v1/fit/w_2000,h_2000,q_90/file.jpg",Casegoods & Accessories,CF-ACC-MISC,,219,,true,PERCENT,0.0,InStock,0.0,,,,,,,,,,,,,,,,,,,,Manufacturer,Night & Day Furniture,,,,,,,,,,,,,,,,,Carolina Futons
cf_secrets_nightstand,Product,Secrets Nightstand,The Secrets Nightstand from the Night and Day Spices bedroom collection features a hidden compartment with concealed storage. Pairs perfectly with the Night and Day platform bed lineup. Available in multiple Spices collection finishes. Solid hardwood and panel construction.,"https://static.wixstatic.com/media/e04e89_60ca20e4e5c44381a3c69de6aaaf005a~mv2.jpg/v1/fit/w_2000,h_2000,q_90/file.jpg;https://static.wixstatic.com/media/e04e89_6828b2a4c3ff49c4802b1e1bf6a3b378~mv2.jpg/v1/fit/w_2000,h_2000,q_90/file.jpg;https://static.wixstatic.com/media/e04e89_140fdee4d55e49c0b7a788ec8e37b493~mv2.jpg/v1/fit/w_2000,h_2000,q_90/file.jpg;https://static.wixstatic.com/media/e04e89_e2f5ce31022e440cb128ec2bdc010cea~mv2.jpg/v1/fit/w_2000,h_2000,q_90/file.jpg;https://static.wixstatic.com/media/e04e89_aa51b172cf6845eb8b203db92636de88~mv2.jpg/v1/fit/w_2000,h_2000,q_90/file.jpg;https://static.wixstatic.com/media/e04e89_103a5d87a2b0417083e7db9159796d71~mv2.jpg/v1/fit/w_2000,h_2000,q_90/file.jpg;https://static.wixstatic.com/media/e04e89_da31416241084918b283055ec966b741~mv2.jpg/v1/fit/w_2000,h_2000,q_90/file.jpg",Casegoods & Accessories,CF-CASE-SECRETSNS,,425,,true,PERCENT,0.0,InStock,0.0,,,,,,,,,,,,,,,,,,,,Manufacturer,Night & Day Furniture,,,,,,,,,,,,,,,,,Carolina Futons
cf_hook_on_nightstand,Product,Hook-On Nightstand,"The Hook-On Nightstand attaches directly to your platform bed rail, requiring no floor space. A clever space-saving solution that gives you bedside storage without crowding the room. Compatible with KD Frames Nomad, Charleston, and Lexington platform beds.","https://static.wixstatic.com/media/e04e89_c55984a885b14be3b5f0b1688ec81ca8~mv2.jpg/v1/fit/w_2000,h_2000,q_90/file.jpg;https://static.wixstatic.com/media/e04e89_3b5eac3a1499413e88a0eb8545411057~mv2.jpg/v1/fit/w_2000,h_2000,q_90/file.jpg;https://static.wixstatic.com/media/e04e89_a0cc164131a24e60ac418b0d703ce305~mv2.jpg/v1/fit/w_2000,h_2000,q_90/file.jpg;https://static.wixstatic.com/media/e04e89_05e35a783fa04ae9bb46dbb67ecbe928~mv2.jpg/v1/fit/w_2000,h_2000,q_90/file.jpg;https://static.wixstatic.com/media/e04e89_2feec4ae1a214911948937f7ab798ae1~mv2.jpg/v1/fit/w_2000,h_2000,q_90/file.jpg",Casegoods & Accessories,CF-CASE-HOOKON,,169,,true,PERCENT,0.0,InStock,0.0,,,,,,,,,,,,,,,,,,,,Manufacturer,Night & Day Furniture,,,,,,,,,,,,,,,,,Carolina Futons
cf_secrets_5_drawer_chest,Product,Secrets 5-Drawer Chest,"The Secrets 5-Drawer Chest is part of the Night and Day Spices bedroom collection. Five spacious drawers provide ample storage in a compact vertical footprint. Solid hardwood and panel construction with smooth-gliding drawer hardware. Available in Dark Chocolate, Stonewash, Black Walnut, and Antique White.","https://static.wixstatic.com/media/e04e89_1e2d8eab11a24470858dc5b22ca8b42a~mv2.jpg/v1/fit/w_2000,h_2000,q_90/file.jpg;https://static.wixstatic.com/media/e04e89_24bd6367067a4c9aaf971614c68b4511~mv2.jpg/v1/fit/w_2000,h_2000,q_90/file.jpg;https://static.wixstatic.com/media/e04e89_61ee5b9c7b054d6d9c0b6180a4c8944f~mv2.jpg/v1/fit/w_2000,h_2000,q_90/file.jpg;https://static.wixstatic.com/media/e04e89_144bfb99f9674c308bbaabaf60354db9~mv2.jpg/v1/fit/w_2000,h_2000,q_90/file.jpg;https://static.wixstatic.com/media/e04e89_beb6a49f44d94aeeacf5499cac327e3c~mv2.jpg/v1/fit/w_2000,h_2000,q_90/file.jpg;https://static.wixstatic.com/media/e04e89_120993c9b0a247ee9205132fa7509ded~mv2.jpg/v1/fit/w_2000,h_2000,q_90/file.jpg",Casegoods & Accessories,CF-CASE-SECRETS5,,1019,,true,PERCENT,0.0,InStock,0.0,,,,,,,,,,,,,,,,,,,,Manufacturer,Night & Day Furniture,,,,,,,,,,,,,,,,,Carolina Futons
cf_secrets_7_drawer_dresser,Product,Secrets 7-Drawer Dresser,The Secrets 7-Drawer Dresser is the flagship storage piece in the Night and Day Spices bedroom collection. Seven drawers deliver generous capacity for full-wardrobe organization. Solid hardwood and panel construction. Available in multiple Spices collection finishes.,"https://static.wixstatic.com/media/e04e89_b32fbaec605244aa9809db1db8f92a31~mv2.jpg/v1/fit/w_2000,h_2000,q_90/file.jpg;https://static.wixstatic.com/media/e04e89_5d98d248177a4954899d45797a23d81c~mv2.jpg/v1/fit/w_2000,h_2000,q_90/file.jpg;https://static.wixstatic.com/media/e04e89_f5b83ac9a7204d5b95192a314749de6f~mv2.jpg/v1/fit/w_2000,h_2000,q_90/file.jpg;https://static.wixstatic.com/media/e04e89_c69e4321e4624ad6a498f79e3b95fb7a~mv2.jpg/v1/fit/w_2000,h_2000,q_90/file.jpg;https://static.wixstatic.com/media/e04e89_1bd1acf8cfe248e89d32d01f0f91d080~mv2.jpg/v1/fit/w_2000,h_2000,q_90/file.jpg;https://static.wixstatic.com/media/e04e89_2e4bc895c1ec484e8c75f1d7ccd537f6~mv2.jpg/v1/fit/w_2000,h_2000,q_90/file.jpg;https://static.wixstatic.com/media/e04e89_c76bdc298c884f78b17381e823df1461~mv2.jpg/v1/fit/w_2000,h_2000,q_90/file.jpg;https://static.wixstatic.com/media/e04e89_ac870f287e7a46438711546d1111f244~mv2.jpg/v1/fit/w_2000,h_2000,q_90/file.jpg",Casegoods & Accessories,CF-CASE-SECRETS7,,1098,,true,PERCENT,0.0,InStock,0.0,,,,,,,,,,,,,,,,,,,,Manufacturer,Night & Day Furniture,,,,,,,,,,,,,,,,,Carolina Futons
cf_clove_nightstand,Product,Clove Nightstand,The Clove Nightstand is a clean-lined bedside companion from the Night and Day Clove casegoods collection. Features a drawer and open shelf for convenient bedside storage. Contemporary design complements both the Spices platform beds and broader Clove collection. Solid hardwood and panel construction.,"https://static.wixstatic.com/media/e04e89_878e19160818483899af0cec99383e7f~mv2.jpg/v1/fit/w_2000,h_2000,q_90/file.jpg;https://static.wixstatic.com/media/e04e89_9e3b0e58b8bd495094ddb832acecd387~mv2.jpg/v1/fit/w_2000,h_2000,q_90/file.jpg;https://static.wixstatic.com/media/e04e89_ace0894eeadb4c06993e57af2409573d~mv2.jpg/v1/fit/w_2000,h_2000,q_90/file.jpg;https://static.wixstatic.com/media/e04e89_c5359e10b6d0463daf09f1057512d0b6~mv2.jpg/v1/fit/w_2000,h_2000,q_90/file.jpg;https://static.wixstatic.com/media/e04e89_c0105bac311841c49e32e9306760863c~mv2.jpg/v1/fit/w_2000,h_2000,q_90/file.jpg",Casegoods & Accessories,CF-CASE-CLOVENS,,343,,true,PERCENT,0.0,InStock,0.0,,,,,,,,,,,,,,,,,,,,Manufacturer,Night & Day Furniture,,,,,,,,,,,,,,,,,Carolina Futons
cf_clove_5_drawer_chest,Product,Clove 5-Drawer Chest,"The Clove 5-Drawer Chest provides vertical storage in the clean, contemporary style of the Night and Day Clove collection. Five drawers with smooth-glide hardware store clothing and linens efficiently. Solid hardwood and panel construction.","https://static.wixstatic.com/media/e04e89_3059d9f6d42d43b785efe5bfa4806f90~mv2.jpg/v1/fit/w_2000,h_2000,q_90/file.jpg;https://static.wixstatic.com/media/e04e89_4c7196e4ba2e443aabb1032f7ee418a7~mv2.jpg/v1/fit/w_2000,h_2000,q_90/file.jpg;https://static.wixstatic.com/media/e04e89_9474a615989040c09f125cf05946670b~mv2.jpg/v1/fit/w_2000,h_2000,q_90/file.jpg;https://static.wixstatic.com/media/e04e89_fe392e007d79484199808d7a1ba59e9b~mv2.jpg/v1/fit/w_2000,h_2000,q_90/file.jpg;https://static.wixstatic.com/media/e04e89_ccebc076572147919c7dea729257c538~mv2.jpg/v1/fit/w_2000,h_2000,q_90/file.jpg",Casegoods & Accessories,CF-CASE-CLOVE5,,873,,true,PERCENT,0.0,InStock,0.0,,,,,,,,,,,,,,,,,,,,Manufacturer,Night & Day Furniture,,,,,,,,,,,,,,,,,Carolina Futons
cf_clove_6_drawer_dresser,Product,Clove 6-Drawer Dresser,"The Clove 6-Drawer Dresser brings ample, organized storage in the warm, contemporary style of the Night and Day Clove collection. Six spacious drawers with smooth-glide hardware. Solid hardwood and panel construction. Coordinates with the Clove Nightstand and 5-Drawer Chest.","https://static.wixstatic.com/media/e04e89_925a30a4404b42078a25c467ee46c11e~mv2.jpg/v1/fit/w_2000,h_2000,q_90/file.jpg;https://static.wixstatic.com/media/e04e89_96075bca837d43e1b927f7555992ae54~mv2.jpg/v1/fit/w_2000,h_2000,q_90/file.jpg;https://static.wixstatic.com/media/e04e89_5e5bffa99799478498194c5f635b29d0~mv2.jpg/v1/fit/w_2000,h_2000,q_90/file.jpg;https://static.wixstatic.com/media/e04e89_5624808aa1a74cac9801c9bfc5c307db~mv2.jpg/v1/fit/w_2000,h_2000,q_90/file.jpg;https://static.wixstatic.com/media/e04e89_4a7aac9257b044acb2da580caeff210c~mv2.jpg/v1/fit/w_2000,h_2000,q_90/file.jpg",Casegoods & Accessories,CF-CASE-CLOVE6,,994,,true,PERCENT,0.0,InStock,0.0,,,,,,,,,,,,,,,,,,,,Manufacturer,Night & Day Furniture,,,,,,,,,,,,,,,,,Carolina Futons
cf_lingerie_chest,Product,Lingerie Chest,"The Lingerie Chest is a tall, narrow storage piece ideal for smaller bedrooms. Multiple drawers stacked vertically maximize storage without taking up floor space. Solid hardwood and panel construction. Coordinates with the Secrets and Clove casegoods collections.","https://static.wixstatic.com/media/e04e89_413d0f30cdd44d0080532a0301310251~mv2.jpg/v1/fit/w_2000,h_2000,q_90/file.jpg;https://static.wixstatic.com/media/e04e89_4d44578346484c11bfa2c6e87ec39f0b~mv2.jpg/v1/fit/w_2000,h_2000,q_90/file.jpg;https://static.wixstatic.com/media/e04e89_50800ebcdbbe49bfaacbae61a8376e52~mv2.jpg/v1/fit/w_2000,h_2000,q_90/file.jpg;https://static.wixstatic.com/media/e04e89_931c1b8926d844609cfa085be9706bd9~mv2.jpg/v1/fit/w_2000,h_2000,q_90/file.jpg;https://static.wixstatic.com/media/e04e89_43fcf5ac6e474d039458d86b23c77ba5~mv2.jpg/v1/fit/w_2000,h_2000,q_90/file.jpg",Casegoods & Accessories,CF-CASE-LINGERIE,,836,,true,PERCENT,0.0,InStock,0.0,,,,,,,,,,,,,,,,,,,,Manufacturer,Night & Day Furniture,,,,,,,,,,,,,,,,,Carolina Futons
cf_leg_length_options_for_nomad_platform_bed,Product,Leg Length Options - Nomad,Customize the height of your Nomad Platform Bed with optional leg extensions. Standard platform height: 15 inches. Extended legs add 3 inches for an 18-inch height. Higher clearance makes under-bed storage more accessible. Easy to install during assembly. Sold as a set.,"https://static.wixstatic.com/media/e04e89_da686f2f831a42778ebdbf77d11ab97d~mv2.png/v1/fit/w_2000,h_2000,q_90/file.png",Platform Beds,CF-ACC-LEGS-NOMAD,,35,,true,PERCENT,0.0,InStock,0.0,,,,,,,,,,,,,,,,,,,,Manufacturer,Night & Day Furniture,,,,,,,,,,,,,,,,,Carolina Futons
cf_leg_length_options_for_charleston_platform_bed,Product,Leg Length Options - Charleston,Adjust the height of your Charleston Platform Bed with optional leg extensions. Standard platform height: 15 inches. Extended legs add 3 inches for an 18-inch height. Creates more generous under-bed storage clearance. Sold as a set.,"https://static.wixstatic.com/media/e04e89_b9d12601e8da48be948a7c5b6ccbdf81~mv2.png/v1/fit/w_2000,h_2000,q_90/file.png",Platform Beds,CF-ACC-LEGS-CHARLESTON,,45,,true,PERCENT,0.0,InStock,0.0,,,,,,,,,,,,,,,,,,,,Manufacturer,Night & Day Furniture,,,,,,,,,,,,,,,,,Carolina Futons
cf_leg_length_options_for_lexington_platform_bed,Product,Leg Length Options - Lexington,Choose the right height for your Lexington Platform Bed with optional leg extensions. Standard platform height: 15 inches. Extended legs: 18 inches. Popular for those who prefer a more traditional bed height or need maximum under-bed storage access.,"https://static.wixstatic.com/media/e04e89_0eb29f0fd8df4a0f8329bd9756bbe97c~mv2.png/v1/fit/w_2000,h_2000,q_90/file.png",Platform Beds,CF-ACC-LEGS-LEXINGTON,,45,,true,PERCENT,0.0,InStock,0.0,,,,,,,,,,,,,,,,,,,,Manufacturer,Night & Day Furniture,,,,,,,,,,,,,,,,,Carolina Futons
cf_kingston,Product,Kingston Futon Frame,"The Kingston futon frame is trim and stylish, featuring a patented Arts and Crafts stick-and-rail pattern in the arm. Available in four finishes: Black Walnut, Cherry, Dark Chocolate, and Natural.Available in Full and Queen.","https://static.wixstatic.com/media/e04e89_cc0d90e192f64690988673747fac299d~mv2.jpg/v1/fit/w_2000,h_2000,q_90/file.jpg;https://static.wixstatic.com/media/e04e89_dd0e630f43234a8da66edae5a1286d32~mv2.jpg/v1/fit/w_2000,h_2000,q_90/file.jpg;https://static.wixstatic.com/media/e04e89_9f2c59a4d0d64c4a948e04cd6a89fe76~mv2.jpg/v1/fit/w_2000,h_2000,q_90/file.jpg;https://static.wixstatic.com/media/e04e89_fde94af5219c454b83b7c62cc52877ed~mv2.jpg/v1/fit/w_2000,h_2000,q_90/file.jpg",Futon Frames,CF-FRAME-KINGSTON,,619,,true,PERCENT,0.0,InStock,0.0,,,,,,,,,,,,,,,,,,,,Manufacturer,Night & Day Furniture,,,,,,,,,,,,,,,,,Carolina Futons
cf_solstice_1,Product,Solstice Futon Frame,"The Solstice Bed totally defines the room it is in. Its Craftsman pattern of latticework set within handsome tapered legs is as satisfying as it is beautiful. Bed rails can be set up in two heights of 13.5"" or 16.3"" Available in Twin, Full, Queen, and King sizes Available in Cherry, Chocolate, Natural, and Stonewash Gray finishes *Please note the Cherry and Natural images show the older ""P"" series partial footboard. All beds now feature a full footboard panel (original ""K"" series). Please contact us for any clarification.","https://static.wixstatic.com/media/e04e89_03173d058c6445b5abacd19d6a0d1775~mv2.jpg/v1/fit/w_2000,h_2000,q_90/file.jpg;https://static.wixstatic.com/media/e04e89_6aca0c35ee254a1f85e29afa6215b4cb~mv2.jpg/v1/fit/w_2000,h_2000,q_90/file.jpg;https://static.wixstatic.com/media/e04e89_450dd43f153749b6bc162eb0e7860cbb~mv2.jpg/v1/fit/w_2000,h_2000,q_90/file.jpg;https://static.wixstatic.com/media/e04e89_9a63b94b19a24c618b9937d3d2aa9b71~mv2.jpg/v1/fit/w_2000,h_2000,q_90/file.jpg",Platform Beds,CF-FRAME-SOLSTICE,,420,,true,PERCENT,0.0,InStock,0.0,,,,,,,,,,,,,,,,,,,,Manufacturer,Night & Day Furniture,,,,,,,,,,,,,,,,,Carolina Futons
